id	seq	len	pLDDT_after	pLDDT_before	tm_score_before	lddt_before	lddt_after	tm_score_after	plddt_AlphaFold	tm_score_difference
R4T8R0	MTVGIICLDGLDHRLASEHDIFDPVSASVQPLVNDLSGEGRLFTPRVWNSLFLGEDQQEILGWLPEPKWKTATRDWDFLWDKVVGTSLLNVNVHSNYLHQRASIPDGWTSNHGSFGMMIRSTEELISHWNETLGLFDSALQIGYWRLPDAYGHWASKKGKESMADVYDWIREQFWDQIDLPDQYIVLSDHGFVMDPSTGEGGQDEHTEHGTMAATWDLPRRKMSGFIPTWHDMVISQVRLGNLDALGYV	249	72.76546859421735	70.3384745762712	0.89281	0.7691528856100277	0.7545862849804443	0.88602	95.10083250249252	-0.006789999999999963
A0A221LFE8	MSTNIGDLIFDSGKTLFEILDSLDVANVSQQLDSANMRLDEVNDQLRQLSSIVDTNQANNNASFISVNTQLDDINIEVAALTVQLAPLVVEIDNLSAQVSQLANVVLPIDSRLSQIEDNITALQTQVSGLLALNAAIQNRLNAMEVAIDNLQTSLNALTSRVLTLEVTKDQNQQLRLGNEYLCSYRVGNPGTTYFFRIVYSGSITTKILANVGYQATVLSSIDNSATTRSVYLCAPFDTFSVSGRYNYPMIQGPCQISFVVNNSSPIQGYITTL	274	70.9982824427481	64.13640267175572	0.51598	0.6872838635207501	0.6908530991157467	0.51012	91.68011927480916	-0.005859999999999976
A0A7D3UVQ1	MSELVFFKHDQVWNDRNIISTHHAEAGYKRAVATIGAILTDLAAQIDDNIKTVIAGYHRGYSPTAVADQMVTTALDNLERWLPYNSGNGATDSARELADVMLKDYAGYGKQHWGLAYDYVASLEERTHDPIDVQQDINKRARAAANNIGSDVFISFGTYLPNASTVWGVDKEINILKEYRKAVVAALNARLKEFIVEKKEATA	203	49.44299435028249	35.83433145009416	0.4804	0.39402086820190374	0.40161742662205224	0.38782	90.42250470809792	-0.09258
A0A6J4EGK9	MAWYNKMDKIPRKYFYWEGNIIRTIYSNQRGFWLVRGRNLVRCDADGNILDPKDFLYATSTEATMSIPQVINGWLWRDMNKGLYPDFDAYNEQERQEYLNGWTDEKLAVRMKAKDEEDTRRRAEYDALPQIEKELNNFDWTHDYSDDRNASVSAAAHAIRILEDLDKNHTPEQAEIIFNKYGKGYGLKRFRHLASFYRGEVEERARMRARREAGYA	216	69.69435883324161	62.70146395156852	0.47282	0.616145717048937	0.6148505089760495	0.4897	89.56703357182168	0.016880000000000006
A0A8S5P0T1	MAKELTRDDIIKKQYSELNKINQRLKNISECYYISYDGTIYMKSLVPFVEKMIHLRYPEKINLFYGAMILPNQFFDYAKKAKKSKMTIKENDTSFEFGQEDDQDLSITVNIVNTNEKNDEEYRKARIIPKMYKRFFELGGEGYISYKDCGNFSRLMDEQIDAIANANPVVLSYNDASITLTKHLMLDIKKDDAINISRNCYQRIDSRDCRVFYMLKNETDLYDCYTIFNTLQQISE	236	52.95420460358056	31.83561125319693	0.30421	0.32995746606150317	0.3515019148388705	0.2146	94.07470076726342	-0.08960999999999997
A0A8S5UE13	MAKLPSLITNSLTGEALNYSNSGSGKVEIKQTFEVTQNNNNFTWTIKSKIYIRLNSGYPQGKGERFSGIWQQIGDGINKIIEDIQILSLSGVWINNVQVSNNAYEWYKILEQEKTYECTTGRQGVKLQCRYANGNNSYCFDDYTLIYLTLPAFSGMQYKVNNKYYFAMPWIKVNGEWKRTLQYVKVNGEWKKYNSTWLWNPE	202	66.1290421686747	42.64822289156627	0.57865	0.45128082115688867	0.6936125444946635	0.70353	91.87182530120482	0.12487999999999999
A0A7H1D345_1	MARVFDVPRYANQTKWKISSLLDICEKDVMSVKNRIYEIDMPERLLDKIKISGLYKAGARGIILDNLISSDRGVIDSPVEAYRKYVYQQGVFAGDADRYLINRKYGIVLREILELHTKGRIYTDDTATFMIVCKVLGGDINPTLPETKIESLRKANAVTIDSVMISYISCKLGSNVVNNFLKKYKHFDNHSRGWESSLAWFYCMESLKKTGPSLESKDATDIIRGVVKGPFPSAVAFEVKDSYARKYFGAQKIYKFLGYTILVFDEETYVLDGAQLDQLVEVSKSWEGYYSYAHNWRLCGDKKADIIRPRVVNAIDTIRDWMARTLRQKGYTVRLANSMKKSQAYIQNIMHDEKEPFDLGCKTRSAMLLESITGVIVLNKYFHQLLLEIDVPWRVKVDLSNMHHGLPCPDGDVFGLIKRLDTVLGNPNKVHWAEFKKTCDYKSSHDVCKVLINHKLRNKVKLESVKGYDYRNQPWYKCCMKGIFSLPDEEDWGKVKIVHSFPFTNSIKHWYMEAGDVSHVSCNPAYHGDYLAERDMDRFEKNELMYAMLHAPDIEPGVSTDNLLKNLMNGKMHLHKYDSTSVKMEANKYPPDSRDIHAADGVTRVLTAFYDRQAITISNQYSGIVARKSAQQVDKVFDTIASKVRESRKSGRYVICISTDIKGWSPTGDRHGWSYMSDMLFKMSKCKIDVKLEKLWDGLQVVVDKMGQYQMFELSDCLFQGWTPLCDSNLNLACNLRSVNKAKKRGLLSHEEAAWTATLIDDAIQCIELKKPRSIAELEQFSKEYLEDFRKTYADAAAELSLDKTLFSCIKFIFLNRYNCEGADVVQASKTYSKIDQPVTLRYQTILGKKNSIMGAGASAVMKGADPLVTYVTSFRRVVEILMDSARDVEWNDSAKYINFLFMPVSMGGMEMPNITNWLTSESPDKIVS	929								
A0A1L7N0X1	MGPVQRSIGYLQGGYKDSTVHSKVQLFNTTTQVGQLVYDTGYQRNYRPGISGAYNGYFSISDTTAYNKFNYITASASASFTTARDPSVSVSDLNVYSQAWILATVNPSIQASIDGDWYKVDLTTDTPTSQGLLSSAPYGSTRQAIGTGSAGFFLTPANQSVTTLNFTTKAVASGIGGPSALDSNIQIPCGMSVNNTRGYFVGMLGRNVRLDVSGSTIQAFTVASSYSYNFGESHALANSSYGFMMAGYSDTTGRYGNTQHGLCQRISLATEAIATLPDLVLAQSSGQMMQGF	292	80.28417965169568	73.85011457378552	0.91012	0.7549902089058951	0.7858401952507433	0.91942	89.52285976168652	0.009299999999999975
A0A481YVQ9	MSLICHDIDYIIASHIFNSYYRDGCDDLKNIMISFGKSSYDDFIGMCRCVFFRMLFARYKCKDVNVCTLLQKLSHKNNIKHFQCYNKFNDNLGNNQIIFRDLRARHRQIVYYLSLYHGYLWLCTKTYQREKLGYNYSYFHDDEKGPFKYRLLKRKRIHNLIYYDLVEKGNTLMDSTFVLKRDARIYKLGVTTESKDITCIKIL	203	49.61197674418605	29.975052325581395	0.26616	0.31675425486310305	0.349014464217764	0.24423	93.53342441860464	-0.021930000000000005
A0A6B7ZEG3	MTLINKAFAQQAKEEIIKHLRTQLEGKANSNTFNLKDSGITVTIRTTANPHTKLTKFEVYVFDRMVGSGEVKFDKKIQLEKSFVETLPDFIMTHLLGYIIDDSGTAEAIDNMLRGITSGTEVEHPFGMSIKFHSDDDHQVLMITKGKDVLYALEEAVNLNEGIGTDLFTPVEQLKYRINKVLAHYTIREDFGVEYDFGTGAQF	203	62.90667079975201	58.7529448233106	0.65972	0.706496905337437	0.718600918248004	0.67622	91.64706137631744	0.01650000000000007
A0A1D8QLZ5	MFNHRLFGGLTMDRRCIFLTPYDQDILDPSGKARAFLRGLKKSSPTPVPTIFNHIKRDDWLNQWSELRAKAIAALPPSINTWLEATKAKYGPQGARFDLVELKQAYARSYGHASTRKSYHVALIGRDYLLRYVRWTAQRFGFPQFDYAYRGIVGTSAALPTMLDKGDYYAETLTLPFWSHPIPMLPGERNQRGKHRCINQDAVFNVRRIEGVLNSVRKWLVKYTPWFTSWENPTYRLAPLITEAILKSSVSIETDFKACDEHFSFESVSNVVLPVYEYLVPDQFVGFASFVEDLFDQPIYFGDRVWTGRHNLLSGQCITNDFETIYDVCVCIGAALVNGIEDYLLLCNGDDIAFVMPYHYRNKSKVVHDTLVDEFQRNGMEMSLDKSSIRVGEVSFCRKYYAPGVGPMLYNKDGLPYLLGVYPDYLTLNSIINPERRSIGAESTVATLQRCDNLYGSPLFTPFVQFLWSRAKGELFVDDLDEVASSLPLDWWTRLYGEIWTSQKSPTLSVMRQSNLRLVK	520								
A0A0K2QRL1	MLGSEHKERYDQMEEEINFRSTDFWFMRDPDAPEDDELNFVVDFLLQEFMHVGPFGHSFVKEHQGKWKPSFYGVPLQHLFIHPSTDGFEAMAFVASNPASSVLMKGVFDYLRQIENRVRFNQLGLSVMAVQRARAADSTNQIVVGIDMLSHLEPLSIYEHPMNGRLLMAMQGEEVPDHSVLTVKGKRWPVTGNVHDLYMDASTIYNEYELGEIDKSDLITELFELYKG	228	49.36143939393939	34.330579004329	0.30595	0.3988952019129514	0.4092509721066422	0.29599	89.61127705627706	-0.009960000000000024
A0A6N1P1Y9	MYWLNSLFSVNSLEDLVFLTNLYQNVQGELSVKQNNNKVISIEWTKNPFQELQNNPNLPSYPFDVYSRLVGPDTVRAVAVCVDKLDSTVFEHPNKELILKWAEHIDKVISTEMERQYDLGYYFNPPEKCLDNMSDLAFAVRLSKHCSHVIPFDSGFIVTNPKAVYLTSVGLNASFYCTDSLMFDKDDGFLSPFESSCKSIDYINSQFKKWKENGYKGKMSDYFNSV	226	37.24456924754635	31.58245910577972	0.29148	0.32119408316649944	0.27687317553700497	0.26469	93.43293893129771	-0.026790000000000036
A0A3G4ZRY8	MDTKEEKLYDLCRRFNEPVIIERVGRIERKERPEVILTEEEVTFVNSCLNDNDFDIYDKNLYLSYFSATLLSKNYQLAELIIRNNRFDFKEIQVDTLHSFCTFKKYDLLRLILKDERFDEDILNMQEEYNGKKTLLHCLCQNANDDNMDIIELVINSGKFTKLNAIDEYGHTSLFEVHTKSITAVKLITEHKNFDPNTLTFRTFEDGWSVLDMSTGHHEIFMYFLQLFEKHGLMNQFGVKQTMFNRCKYGMSVFTSLVGHDECYNSFCELIKFIEKHNMRDLVWPELMMVKLDYRGKKVFKLWKDYTLKPDETYKKIIDNTYDHDYDPNYLLDFPVEAISKVVRWHLWKER	351	81.24235413153457	78.18171332209106	0.84848	0.8104885662810654	0.8361556604002862	0.85093	91.38035075885328	0.002449999999999952
A0A5K0UBK5	MFAIHIASCLVDENRTKYLIRVLNELLKNFPTTPIYIGFDIAGAEHENGKDLLPILQKHNTITCFTHMNGLGYSWNHPWTLHNYDIVLQIEDDWDVSGIDIGHVEAIHSNLNPSEKPIMVVMKRPENTLRDIIQRHDNTFHIINVNKFIKSKHFYVFSNHPHFQSRSFHKLLGGHPENVPPPDVEVSFVDRCSQNIKSFTTYSICKHYGHFGESSINHGVSWTGEISKMTPSFNLANRINPIKEKLAKNECELVYTDDKNNIYSVLKKRNSKSTLVMLPNIYMVQDYRLRKIIPFVASFFDKCLVFVGEHTREAEAYFISNEVKQYFGRVEKLYSDIYLLKKQ	343	64.97067519545132	61.62619402985075	0.64339	0.6637897574610357	0.6752450440683725	0.67083	90.2862722103767	0.02744000000000002
A0A2H4UUY2	MPQCAILSKLDFGKKESFNEITDDKLWNEVKDNIQFDTFDNTLGLMYLIQKYIPESGIEIHNFHFDHRVLIQIATSDDEISKNIVVFKRLINNDDSYTFVGYDPNIKMSDVYEFCDIDKNDIVDLFAKRTIIKALHILNDGNIKDEEIMNLKNEQEMGKILIKSTNKELVYINITNIINVNQEKDPNELEILMREKINYYSPEFFFCQHDLGFCIINCYYKSFGETKNDFMSKLLKTDIYDDAIIFLQSNMNNDSESIMHVSADLFKKLYKIITEEQQLKPKNKNFFNLYRELYDI	296	38.39899634295002	31.61131247460382	0.27431	0.3185447326877446	0.29951772164232715	0.26254	89.52709874034946	-0.011770000000000003
A0A3Q9R647	MTVQEYIHILTDRYNRQTEITKITNKLSIRLYPLYDEKHRLHGEYLDLQYSLGSSHSDTYSKNKEVEKISKEILEEEKSLGITELNKEYDELEIEIERICDNAEVELTEYEYHSNTIICGTSKQNTFFSENGFRSFSVYVSHDTRAQLYVLKKSFDYENGHIFLENMSPFLKFNAMINGIDCIEIGSFESESDYTIIHYNDVWAIRIESDIVFEHSECKEVLQYYNFIR	229	75.38990083507306	61.08379436325678	0.56605	0.7021345764337208	0.6840151539127572	0.60363	93.45976513569937	0.03757999999999995
A0A1X6WF39	MLSDIDITPKAKIVPGYISWGRSAVSLPISEQDHSNIESLRDLEREFRARTRLDSTAIDKNDWNSELLQEVYEYSYPLRNLLTAKTTVKLSSRWLLFWEIYATCLSDNLIKRMQLRVENLRNRSKLRAVERKIEYEEKGISLRGVPIRSFHMYDNGGYSIPTIQKTINHVEFETGAQINWDWLAISLPNATEVEKVEQRKNKEKWIPSVDGETSTTVANMRAWRNRILTNLKVVDVIINNNEREDDKTNDIAFVLLNLAAGGDAMVRLPRISSTAVASMIHLFTQCFEKSKIIHTMAMDRVYLCGNGFLNNLNAKHHKLIYEFCEQSPDSQDVSLFTSQYLDSEQFNETIDNLVTVNTNIHKWRYEYYDKLLTVYTKLYKSYATKTFENYIQQTLTDVYKDQSKKWVAFTKFNFFAE	417								
A0A5Q2WBG9	MIPTGEWSCRTAPLALSFNGLSVPSDRPAQPFDIKLGPQELSDAQGSLEEAVWMATFEDGAFYIRKADAGAWLARTFLFMTGEVPEELSLSFDSLGRAVVFYRLGGVCKLWYHNPALNARDFLLVTTEGTSVAAEFDNRGDTDDAMSDINLFYVVTDKLYSRLQRDNYAIVYDTGVAGPRLRIESVGRNVMNEVQVLYSFKDFRDGTLRLKKVLETNGSLLTNLKGNAFSVQFTVAKAPTKCTYKKLYDTLGQYVFCVVQHSGRFIDSDSEQERLFSLEHLPYFLGNPEGTNAHLTRLVVRSGPTRPDLYVNVDVNLDVFSAGTFLLRFTQATPEPGTGYPRKRIEFLKDGVTVVDVTVRDEDSMFLGGETADNALRFGAEFRGGGYMKYYPAVFTNISVSVNGVVMSWPKGYSDKNVDSIPSGNRLRLFQDGSPEKLFY	440								
A0A1V0SJT5	MTPAEKRAKEEEHEKKMIEVRKKTEEDAQVLIQRIGDLIKKTLDEFTKSPDKHIDCWKQLTDLLTECRELNRSNLTDESKDQFVTEAQRITGLADHLSKSFKEMLYARMDKTLAEKQIDLYLEQLHPFALKAHDAGMMTWDEATLKLGEFDTIQAEINAPANKKVMDKYTSMFNALVERLDSVDHTKDILAAYKAYILIWADSFAIRQEHLENPRKFQTFMLKLTDALKMSFAGCNFGNEMFFRCDEEQKLHLKAYADGPFTFNRYQDEFDAIRKASAAH	280	78.63179195804196	51.40996940559441	0.3872	0.6192558290488236	0.790421390349937	0.83472	93.1491958041958	0.44752000000000003
A0A292GBY6	MTYRIAQTDLRKHRLVSLFSKLPTGAYTVSDHVDRFLDSDRDNGRATAVEEIQSILNAARQSFKKGKFVVSLEDACAHYNVYDTFLDVRNGVVDYHAAFQTAFDYAAVLYMKSVKDVSIVDGATFAILARRSQLMDFEMETDTNDFDEMIRAMLAEIDGTQGKVNTPMSDIVTRHDYLLYLLMPRLDHRVVKTHRAIYDAFASGDSAAFEAILDAA	216	50.147828371278464	35.14546409807355	0.35581	0.3763604656006577	0.35036173790973413	0.32089	91.3790367775832	-0.03492000000000001
A0A7T8EPA0	MLINIFDVRQIAGHTAKLLERAGHTVNIHQPMNRISDSGREFNHPQTITCMGDSLNRKDVVERALTYCLQSNRALWLVPSVSASVVGRDMLDLGGNSENIIFCEPPLYNTDKIIGSTLTIDSTRRAQQIARIRGNDVGHIYSELVADDGLIHLCGLALQDSMFRDNARIRFKEATKGGAYLASSVLVAYANFFGFTSQQRPDYVQLVADFVAKRNA	216	47.96200118764845	38.427351543943	0.35586	0.3865930025140869	0.39194455400154105	0.36722	90.16679928741094	0.011359999999999981
A0A6N1NSF7	MVNTVILSSTFPCEIGAAAVYHCLDKDSCVVLMSITEAKNFDKTVDAIIKCNPTPQTIIMIGTYWKDELENLLERFCGATFCLYCFGECLNIEASNLKQFSGASGIGPTKYLIDLVIDKYGNSSLFNLFINSFSVVFKFIDDRIYNKNIVDNQFFYTGLFNYDNEGPTTTLFEKFMNLLEGRYDLTDIIETGRVITSAQMCMARERAKNNAKKITLKNGESAVVSEACDLINLTHDALHLEYPECQVSVLLQMRFGEQDQLAYSVRSFDQSVDASVFGKAVNGDGNKTAAGGRLNHEFPIPF	302	83.49675824175823	80.11641589180051	0.91813	0.8603256487798351	0.8822227218684455	0.91324	93.1645731191885	-0.00488999999999995
A0A0N9NI61	MSLVSRIMDAIEFQVTGKVKKFKLPFCCRFIPGYALSGLSFNGHYVKGEIGITYKEDLLTTFSSSTIYIKENNEIKKKPVKNKVHECCLFINTNSYFHLADLIPAYLIKFHQPFYLFSSISYGYFNGERLYTYKVSTIPHYVFEEEIEPTEELDDLLYVVGVADAYKRGYFEKNMYNENKIKDYIFKPYLYFAYYLKMHTTLLPPQLEQELERKIKPKFINEIEIPKEINEEEINSWLKKIDLQNLLIVQ	250	35.47894460362942	29.61130850047756	0.28862	0.31555508566374657	0.29909450476432264	0.28861	91.33433142311367	-1.0000000000010001e-05
A0A6J4EII8	MKKIQFSVWPAVKFNGPLPDVLMSVRDKLSLKVLQDAGFETVIRTDIDESDPILAMMLPHAAPNVRWFTKISDYVRLKYIKEYLDAGYDEILYTDLDMVITEAPKSFGVAYEMHLQTTSGDGTGPITKFWSKGVNCTYYINQSHRPQFEEHLKNVTADIIAAGGNPKFCYPANSMWMMEEGIGHIQNWFHFGSFKEPDFCTVDNIIQCLTLYTAMYGKIGDVIPQIKAVNAMGTRDLAGLTEEVDKVFAINKTIEGLTVSEEMVRAVVARFEPNVRIRPNYNSQDSRKIIWNLIQKYKA	299	55.49221989966556	54.36002926421405	0.69512	0.6481309313129948	0.5935608199539752	0.64348	90.20612458193979	-0.05163999999999991
A0A889IPW7	MVHPQSVIPLWLRNYRLDTYNALTDQENWSYTNQGTTGWRPLFQQLADSLNRWQSYDKTGDVMNFMLGTYGYIVTGIMYGTDTSQEPNMDAFRIYNCNSFLDKPQTRPINWYNDLVVPVPPATTYTSDKMTQDLALTDAGRVEDTKKMKAVQDATTSTLQRHMYDQLFLTQPIKDKAGKARMADVYFNQLHWRVAYQQLNINLPIPV	207	31.41960969840331	27.102779420461268	0.26231	0.28580674551175894	0.24488540899400116	0.25207	93.1927084565346	-0.010239999999999971
A0A6J7WTZ7	MTADEINIREIYSALNRDWKKKYSYENYLFNLHSKAENTYKHMEFFDRIQKNFDHLDRITIMASSDPVALCYLIKKYYGSEITIVSDHPILERIGEFFIDDYGVDVVFKNPMFEDATEQVKDADLVIFPEYEYFVPLDMIKYYDINKNTAVLHYVSRVNKQNTTEPILSEQDLLDQCSFKEVIDVGKFKTAGTNRNVYYAMGVK	204	75.69756040070713	70.2544372421921	0.8708	0.719293350633817	0.6620781129946687	0.77819	91.15720094284032	-0.09260999999999997
A0A1L7N0L1	MTENDTLHLWFKPYGGVMGDSDVAFVERYGRRFYPKAMGELAKQLHKLCAKITRMCPAGMFEYQMMHWTKKANSRYVIQESLRDKEDLHGLSIAIQPTTADERKLFTQSYQDGEGNHGTPVQNVVLYLEDSLENEGHKWENAKMKNGQEALPVLLEIIAFLKTVKNTCCVDTCEVTHSEQGIIITLALVSPGVLSYYTRIDWVIV	205	44.15575960951799	37.80433190970104	0.5579	0.4935279698496281	0.3653608973782197	0.40625	90.32577181208053	-0.15164999999999995
A0A142EZR9	MNALIIAQHHGVFLTLESLRGKVDQIVVVIPQSQLNKYAEFPEPEFKAYGENLKAYCKKHKIECWTTMALESPRALLESINKTGKWAVLAAGSLYQEFDEQKLVGYATAACVGRVYERDNRLAMYHMVGLPAEDTKRHLQNHFLNLDMQVRDRTMSNYAVARPDPLIGQAISAVECVRLRSASKKSAVLAFWMTAISRTTTQQEYVAYPLDEYAQYAKKVKKLLPVATYEAIMENASESSRWRAFADLEP	250	50.00857071213641	47.67728184553661	0.4913	0.47801378589975285	0.4935995390414963	0.61786	93.00413741223672	0.12655999999999995
A0A6J7WX24	MKTANTKSTFPFSVSILMPRLPFITARKEGESEEDHKTRDADLRKRSAEAAALPDGEAKDAAVAAVHQEMVPEIVQRLAEYGAKLQEDRVPLTVTLGSLFFDLYEICAPQPAEAPLAQMIHKKRRDELATRLESEEFELSRQEINTIRPGLEDPKVWETVKLSAYYMVGEEKRYVSLNNKAAPFFGSVVNAAVEYVLANEK	201	58.21076244486452	46.40269691241336	0.32309	0.4561109682439361	0.5037877660427181	0.33466	91.08274732199118	0.011570000000000025
A0A514TUT1	MGTIGLKIKMLFVYVILKIMSKNIEVINEKVKELVIWANGKNNDNVLLGGIGSVEVRLVKEGRGWWIHIKGLGVPLIKDRLTNGFYAFNKKTVGRLEALFITWAGVDFKHDIDHICDYIKGFDYMCQVPEFGIFDRIRETKKEVHFTPHEDFGNYIDVRGNVARKVYGQYSLELCFKINSKFCRGFVGELVIDEIKPIDITTVFTQKEFNKSLGWLVSDYVQNVVKC	227	42.91395008138904	32.92283776451438	0.32	0.3412161331490545	0.30505922672293256	0.30141	90.37230059685295	-0.018589999999999995
A0A6J5LRP7	MDTTLTKRTLSGAVVKASSVFQNNKNAYKITIQVEKTAHNLMIGGYVNIKITGLTVYSFDFINGNASQPIADFFNQERQFYVVNANTLTCDVDVNSSSFNGALAVVAGTPIVKVNNDRITILAGDYNFELLNKAEYPAFRIWDLNYRFKIQENNIGDAKIYKGASDYYSDDTITTLPDLNEQDLSFRFCESVEISIVDASNNYIGTDDYTKTTNIGLIINKL	222	55.99644533485976	38.24840870062965	0.48573	0.3752937928566302	0.5477454172162657	0.66312	92.9735603892387	0.17739000000000005
A0A6N1NVW3	MNGIIIDACQYKTKSCNNFLKINDLVIQMVENHYFDLQMYANFVYDIDNDPAELSDKNNFYTKIESVKKEYNPKYPTMNLFTQNKMENLEKLISRMLVSLKDNWLTSQQYLSDIDNLDFFGSGAASATILLKANRVFIGNNNQKYLTPLIIKIIPFEFPHHYPYLPSMSPKKLNEFVWTYIESPSYALFIKEAWMYCFSQIQLTKYTPTFTCISNCYFVKGLPVKNLQQLTNIYTPYAQKRINAGKNLAYKKWFNILTNVNENTNIKEKIMNADYGCFEMKQIEKTLDDIMDEPGSFDLSLIFEYLYTKVVSAFIGRIIFTDDHFGNVAYTTVDYVRSYNIKCNGCDYKFYMPAGKMVQFIDLERYVFNFSRYDIYTNTALRSIPDYDYTKNKHLLNIKDEYIKNNYIFDKSLSALLSESINENSFQDPNEYKIMLQIITSPFIHDIKTFCQIMEANLPQKYLVPPTKGNIVEYFLDLDDDSLRIINTNGIYEH	494								
A0A8S5U2R6	MNNLLELAVQRKIMTLIDFSRCEGWINMEGLLKACHEGTEAVTELLIDDNGDPGLSFSVACTIRDAWEKSPRLDTVLAWFMLDMPYSYDEAFHCRDAVYLFIHEGGFQQLHHVLLNTPHYCGRRIFEVERFIDDIVSTDYRHPLEAVPSFAAIRHWYARLMSPGFRVRQIVGSSFSLDTVFALADVVMLFPNGWTGQLGPYTQLEYEERIMGAWWNWIIDNGYADADRPGLGNAVDELYECSPFVW	246	48.42469939879759	33.48910821643287	0.33327	0.4147688161865031	0.4380345663984583	0.31713	89.94541583166333	-0.016139999999999988
A0A140G6J3	MQVQSLSDTLAQIEDGIQSAMEDIFTAHVHDVGLLVTEAHGKGRRKTDATAKVLAVRAQRAVAETAPLYEQLSADTVREGIRSIGEELELCEATLALKYRGLTTEAMDAVSGFATTIEEVGKAQYLVQSLKVVPWFEERVTSELISSRNESLETAMLRLISVSPLNVPDHRGRGLWWKLFEHCNRITRETQFATLNATRSQVMQAFNDLGEKR	213	58.76355555555556	40.65589189189189	0.49095	0.43919497483018693	0.3452714577494574	0.64511	93.02282282282282	0.15415999999999996
A0A451FN24	CLVSVSPKARKHLLSSLSNLRNGSPTTPSFKLYGKSDWSVVTDFLDQVKSLSKVPQWLIQVELSRKEKYGPQGGHAPWAELKENAEMYFTRPQDVKDAYCDWLKYRTLNIKMLSAPDALNTLKSDDKIQTRAAGWRGFDLKKTDPLAQRMALQDLRSGNWKNGWAYFFSRFNKQKKRLFIPMPFSSMISQARYFNPFLKAIQNDLRLNTSSSAFTFWADKLGFDFCFHTVFQDKLRGYDPSHLVYVMRDFEKMDTTTGPSQKRAYFIPKLLAALNFGKDSVNAKELDEAIIFSNLCPIATPDGMWTGTHGEGSGATVTNGGETCCNEEYDHKFMQALTHACDAK	344	71.46486035545882	71.46486035545882	0.86739	0.8136108579906748	0.8136108579906748	0.86739	90.95918752266957	0.0
A0A7D7JJK2	MRILFVTQHETPNREDGRIFGGTQMCETQRINLLSKNCELTVYTPKDSYSYKDCNTVNSSIKSYSGGDQRGSNIRNCEILALIENNKYDAVLINDFTNSTHSKAANSSAKAVLVFHHVTPKNLGGISSFSKLETVYKNYKKGALTVLPSNSCVEQWKDYTRNSIEKYPKYFSDTKDYANNLDNILSYFIYPFISYEYFPIQESTDEGILISRIAEDKLVNRAFELAKNNNYSLKLFCPEIRTEYQIKISEQYKKTFNREAIINAPRDEIINEISKSKFVINSLFDESFHIVSAEAAMCGVPVVAFGSKKFSPASIEANGMSESIIVNSCKDKFTINSVDLERKEEVQKITKDRYSAEVCLEKILSYIDVSKSLRKENVTLEEFF	384	84.31925072980863	80.89638339279922	0.92053	0.8329409697842237	0.8862991741047633	0.94887	89.97402854362632	0.028340000000000032
A0A346FDA6	MSDLRNRLDNWRQGMNLLGFNPDNVNWQSIAVLVENCPQRIDLIKEKLLCAGGGWATHGHREDSDGTSLYLSPKGMVYWLDYGGHYTLYSKLMGCEQHHMDRAGWLHISGGRVDVYCRMTAIQQRWLDEHKPHPDSANAMNGDWRINDAIDHTQRDRHWQPDVAPKPYADAEPFDIRPVADDEWDRLEMRIAAAKERQRHAELAG	205	39.13275675675676	35.891975975975974	0.44489	0.3732574107581796	0.36684441454656863	0.36842	93.0744924924925	-0.07646999999999998
A0A411HBB6	MYNSTLSKYQNMEMFHNYVDVVNVWALYNSLGVLYECTPNITVHNNADSVVTWELCTKDRPNWEISREMNSIILLFTDEYMPKISYEEFEAYALCKIFLLLLHEENIKRFPLMCKFKNIKTFLKCIDMLYFQKFNIAKIKLLFSQVFFDDVYVSYKNNKAIQFDISNILSTKHDNNNITIKLKRLQPYVEYINAYKIKNVDEAIIDVIQKFNSEDIISVNEFYELCQALYTQSLQKYSMQNMKVLSQENKCIDDMVNRLNKLYANIVIVVLLKQKEDSIVYHKQLYSDLQTIC	293	38.63171977124183	32.48712009803921	0.2852	0.31647013256951184	0.31786065523983087	0.23612	91.06082924836602	-0.04908000000000001
I1VX74	MLYKYIEDNFTPERAKQLLLSIELLGKFNVNEVEEQMEEYAFHIENLDTVGRVGGINNVIKVELFNVLNLHGILLNDSSDNLKVLYDMTDTLKLVSEEYDPSYVLANMNFELDDTNEAVDVFAELVNLLTDSSVDSVLDETFSVDDDIIKNIVINLEDRRVSVPDFEDTSEYVERYKEFLKGKRYGLVYELIRANVEVGSMEFNSLFVLVEDGLYKLHRDDLIFELISLILISNVETTELSETFNRVGRLVGQTEAEGKLFTSDLRKTYTETVGRSL	277	47.55545332737829	41.79021884769987	0.29062	0.4412939645407552	0.43649427863041734	0.35748	89.86551138901295	0.06686000000000003
A0A514DD03	MDFGIVMPTPRNVPKALHEGDRKEVFPHGHPDLPIARVLLREHYAWYEGEGYPIRSLDSVEVDKNTSSGFPFGEKKGVAIKIHDPYFRWYCTTGNRDRPMPIWTANPKTEYLDMEKIDDLKIRIFRNPPLDYLLLEKIYFEAQDAALLRFNRRTWSALGFVKEKGGWGSMVSELLWNHHKPGVKRKFYRWDVKFWDKGYGPELDWEVDNARLNWFCVPLTDEHLEDIRWLRDEAGFSFELLPNGEILATSLAQKSGRLRTSTNNTIAHVFILCFHYVRMCRKFGVTPTHKHMLKVMVNYIYSDDMQGATDFPEYVQESDLAETYAMFGMGVKEYSLSDDPT	341	89.99031960227272	89.99031960227272	0.9774	0.9325445784285756	0.9325445784285756	0.9774	92.89720170454547	0.0
A0A6J5T181	MSTKLKIETYESEDACPLYFMQQGEESKAYLYLDIRDGKLYVDSEAAFVNSYTPDEQNGYLLSFTIPNNLTVAGINSLLGSTTVQSYLQTVVDNSVEFYNGSNYARKLNEEGQNEYEDLERYLELTIANGRYDSLTVYSAYDFFEHQKYAELVKEGESHAAAGTRLQLAALKDKVYISDIETEIMLNRMKDELLEEAEANKFMSRFAADTQDDG	214	49.57878134110787	39.21549271137027	0.27073	0.4150808454613847	0.5054811347753441	0.37363	91.17509620991252	0.10289999999999999
H9YQB4	MGRAVGVSGRAVNVSGRAQTIGVPNTIPDFVINQYLFSDFTTSEWTDSAGSLNLTTISGLQADGTAFGGNGGVKSPSAGDYAQDGEFTFLENNYYSKWAVAFGFSTSDNDILFGVNDTVVTFDDFIQTEIGGTVDAGHLGYGRRYAGNSITRIQSDVAVNDGSDYAVIIQSTGPTATDLEIYFKASVDSATVVNSGRDGTGSESFDSTDMTYFTRNNGGTVESGITATLTGIRWFNNSLTQSERTSVFDSYSWYDPSTDAP	261	81.34422448979592	71.58580612244897	0.84169	0.7713781936661886	0.894970140600142	0.89716	90.56783673469388	0.05546999999999991
A0A6J5T9V4	MFTYRLITPEELDLVRAMFDYDPSLVDVDLTPAQIDEWCVNTMKGIGAGSRACVMAFDENKEPVAMTIGSEYTQTKAWYKGISKIRKPNNYYPTTARIMGPAEDMLIQYMEDRGNFKYWSATFEGKYHTTRNNILRKHSPMFARYDGFDELIVPPGQETGLKIWDLNRRPHPFADILIRMYVLRQEYRVPLVKEQREKLNIKTKSH	206	65.95606721698114	57.39540094339623	0.69416	0.6379425433055058	0.6457860491630254	0.72741	92.52630306603773	0.03325
A0A2D0YSD5	MSLSLTFKDSKVDGWPPHKSKISYYVLDDNPYLHQELHPQYAEITYGWYSECHEVFEHYDPIKESGYKLGDSRPSTYFSDDENESHRTVYLSIQMEEYSFDENQAHIVWMHTHDMQREISKHQSRNYFPCFDINNLLREGVVTPVSFEKVVVGEESNQYYHVYGVFKYMGENYLLKMSQDSQWSEDSWVKDGEYGDVSIYQWTKL	205	42.83664739884393	30.76571676300578	0.39393	0.4322911888881964	0.42854166622542045	0.32946	91.1300867052023	-0.06447000000000003
A0A2K9LSW0	MEDLIAKYDPPIPHYFKFRYDISSDRSETVRDVIDVLTESKFFPGTASLEHHNALGEVIKTHIHYHFRMEFRPSHLQKVKDRMVYVLKKHFGDKRLKGWYSLKFEPDVKDTFRFFSYVMKQQDGKYQQPEYLPLPTPDYDVVHASIVASEEYARNKEFLCAKREKEYRKTTTYERMLELYDKTKPPINCKYDACEFVYQFFTDEGFPPNRTKIREMVDGLLLKTGVMSKREFFDSL	236	69.1614028056112	64.30576653306613	0.49096	0.6590928884102506	0.6739109296727093	0.55364	90.00733466933868	0.06268000000000001
A0A6J5LVF4	MTKTFTKNNETFSIIVIENEEELRANQDVIDLLDKLAIEAFEDHNKKLEAEGGKIINMPEKKNLWKPSDEWISDAFKEGENRKIFAIKNSKNEAVQSVIALFDNKTNRERINIDNNVGTFIYLTSIVTSEKYKGQGFLGQMFNKILTYAENPKRNYKKPIQFATSITQTACETNVGTINDVINLDIYSAMWQDRLINNKLQLRFQDLDNSNNQYGKEVFDLKDFLIDKKIDKLKVSELVENKKEEASKQSQFVRGFYLIGDQPRTYIELKEFKQIKQQQFLNK	283	57.76087236785562	56.00960893854748	0.68546	0.5659872134708186	0.5817033427832827	0.73307	92.5913665663945	0.04761000000000004
G4KKA1	MNEGTISNSDIQEWVNTLDGTDTRVQKVLGAIQLLDGNLLQQLVYFLINGVFDISDLYTMNINNTTIRNKLVIYDLNDNKTAITQYKTKIKSFASYTNLINEMNGKTADRFATASLSPFRIAVSKVIDPLGITDGSVSSVTVLMSAYTQIINDSSLVALQNSIISQAAAIQTKYGYRRLNNLVTNFFKKISDYYFIFTTDNTLSLKINYTDLEFYIAKGGFKQAKYTSFIENFMSALNGMVLYYDADETKDGSYAVNQLKNNVSFSSSFTDTTILSSSLFESQFNYATFVRINLYSTVYGSAFFNDTATVKEEFDSIISLFDNMYTYCTAIRTACQGVGV	340	43.23968330849478	40.51394560357675	0.3836	0.5166059441764914	0.4859020175459746	0.38248	90.95342399403874	-0.0011200000000000099
A0A8F9R428	AVDRRLSRRHAFPGLVDLRNDTARAFKHDVGLDVPERAWDLWSSRWQGDRAAQDGRGDLLRARMQARVWRYRRVWHRDKRHKPVSVLPAAHLACIPVDTFQLAWERLKELPGTASVDHMLKGVSGPTAEGMLAKLWYGLGQDIIACLGPEAVERIQSGSAPGREFAAEWGWLPLEVREKHLRGHLGPAGCWLKLIPASFAPWLGQSVNFLLFRAMLGGVRYSGAHWLLQFRQALTSVVCRQFVAARPLLVLH	252	42.95101787487587	31.83642999006951	0.29715	0.3960330737457567	0.3921438033272432	0.29448	89.79869910625618	-0.0026700000000000057
A0A386K602	MKNYATLSELVSGVRFALVVERMNVSELNPDFANELEKAEASAHPKELQNYAIAALQNCKFSVTKTVLNQVSSMAAEHPLFDRPFEIISDADIKQFLISLPSEKLVTACRACNVLVDHGHLRDSAEELARLSSIRLLTFMPSAELSEVESLNRLELFAFAVEHFVWVRHVQKIDDFLKTALSEKQRDDLMASLGVDITDEDYETDIDENISAELVATGLDVLQDDADWVDWSSWTPEDPTLDVFEALKYSYEKLTPETAKSARDALKDN	269	46.70282761860028	36.877421324565525	0.34131	0.4319744107982828	0.36946532756394895	0.29848	92.5264537341475	-0.04282999999999998
A0A1Y0SVC2	MNNKAAEYLGNYAPYYWAICVETHRALGVDAQDLFDEVVITPRLSNSELEVVINKLRARVPDLGFSQAQNHIFRIMGYRSSGLAYEIRRSYSELRKLEELTHPNLWHEYLHVYRDDSVFGYQYGKDECSLFYLEFVFEPRIRGMLGHEDIPDDLMDAYLTMLNISQQKTMSEPMARTLAEQIEHDLQNRVRHTTAMNLVAIALGYKTWPLALGACVDSSIPNLRIPSRFQSVKEAA	236	59.72498174230569	48.51587376108503	0.42265	0.5331717588148602	0.4654575670734085	0.39221	91.04864371413667	-0.030440000000000023
A0A516M770	MINIVKERTQTEKVISFLSTFKTEKTIYVPMLQDGVIESSLSVNNKLLCKPADENFKVLWEILKEQPKSLSRFIEIYQDPSETSASLSKVLEIQQTKLPKAYTLLSLCRRSEESTLMGGKLLDKQKVFTQKYISELQKYSVPFDLTKVAPKDCLTFQDLTYLTIDEVQSLKDTENLLFITNNKEHIYYFDGADCSLIDNYYLIWR	205	84.30173134328358	73.83241194029851	0.82127	0.775789763548401	0.8538072172132244	0.88265	90.09399402985075	0.0613800000000001
A0A7M1RUI8	MNKLSINQYINKKTGDSISATEWNAVFSQIQDKINEIIDHSGTTDKNTELYINGELHTENKIVLESAKQYVIKGVLYGELVINAELLTAPTDNTYITFDGVTIVSDTDCAIMYKTPEQNKGYKDLVITLTKDSQNFIVANKSADRVDNQPGAIYSMNNMVVQGEGYLALHNKGGHGLRATELKVAGPHIYADVIHDAVHAGKYLEIDNCIIYCENTHDVFGTGTSGKLYALDADIHVVNIDGIMLNCGTNGFYTNTVKANNELTVRNVTLLSAIDESNFEQIFGVAPTPTVTVFATEEDYNANNGQAVDVSADTISITSPYVKVSGFLQKPISYNPAVAVDLNVYLNGAYIKTTGNVPSINYIPANGKVKVTASKDTVNAIYNTFAEETTPELTESDGIKSENNIRIEAKNGSILYVTSAIGDGIDGGEVKITDTKGSVVVTNCGLRGIKGNAIVVGPNANIVKSVITPIADVTDEEGYYVNPEDLENYSDMLGIAVCKHNCKKGESVVSAGNAKNTGIADIYCRNGKATKGVFGTTNTELKGVLVCGSVAAVIGINFNNAQHIYYNRALTDNITKDCGITEAEYIAVPYEKTPITA	597								
A0A8S5VH71	MRKMEQLKERFENIKNIKLKDQKELDQNKIDNVVTDLAIILEDTDFSVWSMHSIDEIKEYLYNKYSFIEIVELLNNRKGTSLKELLMGMYINECMDYDFAVKEITKALDIIEKAKYNYNNSISFANIPYLETWYKDIQEMFDRYEKFHQLEVYFRSTETYKKYFKKLLPNNINIPVEELREQLRSEFKKYQKGNSYYPIFRDNESYDKEYWAMLDCRRFRDPKWNANWLKVICDRIELIKDVNNFESLDAHDNMCAEINKLIQWGLVG	268	45.456049651567945	39.53310104529617	0.26778	0.45103822767307294	0.4241878231898642	0.30614	90.85817944250871	0.038360000000000005
A0A8D4GP65	MSFKTFLESAMDSNGFFTDMKSIMLFLQKHRTSQFKPDATTKQVQLYAATFTNVEEDHLPIRISKADNITIKYSKITSLFGLPSDLDRLIITGCVDLNEVSESNGLPRTHINLTLNAVGVNQLDLDQIESPSIQINECDNLESVHGGERHDLAPSTLNFFNCANLKKINVNLSGASKILSIDNCNNFKFGEDSIFNANILKLDGNLSLSGISISAPAVQYIQFYNLDGITNILSLAEIDSLRMVSMVDGDNSKDWLSIVNAHLRKDNRDMFDLQSELIDAGYESIAQL	288	80.27689532293986	75.17840534521157	0.85054	0.8222984151289204	0.873380568314801	0.92129	89.92844988864142	0.07075000000000009
A0A2I7RPT4	MASISIDNSVDSVEALIQACVTLGVDGEVSYRPHSKDGKGVELPAQCLITGTSSSQEQFQAAIDEAQIGALTYNKVQRIDEVYNRSTELFEAGFTFTRPSDSEVSPVIPNDDTAEIQLGRIGRATDGGAAAYPQYLSTSDGRGFALNSAADLAAAILGQDTQGVYILGAQVNGDGSMGEAMLNGLIGSAIDQATLDSIVDTRT	203	84.59757575757577	73.12897643097644	0.58055	0.6780015630946353	0.8076804069971527	0.61887	92.50983838383837	0.03832000000000002
A0A2H4UTB8	MKIYYISTTDDTIDNINNVHNPFFKTLLLYNKYVSIANDIADADFIMIDSHISNVDKIHQFNKFKNKYLRFKRKTIICIYAPIDEKISRTQHYDTDYRYDDLFDDNFIYFTILNIKLRPNIIFIPLGSIPPEMINQNYLSDMKIDKNNNQKISSKLYFRGSPTHEIRNIVCEYLKDKNKCNIILNKSINYFWDKTQNNSNNYQEHLQDCYDNGMSLLIRGDREFCYVFCDYLCCENVICFINANSYKTIGLEKFGLDDVFLFFDIDEKPLDDVYKQITNILNDNDKMFENRKKVKEFYESFIMIDRAFKSQYAYHGGYNGFTHFIVYKMYKLLHNNYVLDDNKILDKDVLSIFND	355	74.43296160267111	66.23275459098498	0.84331	0.7141157782360127	0.7629557399896325	0.88609	90.9672387312187	0.04278000000000004
A0A7D3U8N6	MYQNTYLKNLLIPETTLGFSLNMFYKYSNLMFVPSPEDYNTSGNIRLLRIYDNCDETRNKISFIPLEFLISYVGKDDMVFDNLIDKKKHYYKRLIEEHNIKQDFFIKNKFKGIPLQYFRKPFLNSDLSKTIDQCRITFHTEEENIANNKIDIGLLNPTTDIIRNKNEWLSKNDIISVIISSMYELPECKRKNINFKGMLFIDHRKYLTRQFFFSQIKESFNWSNINSSRFILFFILYRSHFTAVVIDLDVTTKNQHKTKFAYFFNSCGYNPNNFTLDKNYWFIDGNMSFLKHKDCYKEYNNNNYINTPIEALTDILKKEYGVTNFVFNTFSIQNLDSECGMFSTMFLLSTINIINVKKEDITANIMRYVYFNMLNLGCDHIYSCFRGLHFFTFEDLEPYQMTKSNFLNSGLVYRTSNTKFKIYKKIYIHALKDIVRIGNSAMSEINNIEEI	451								
A0A1L3KLE7	MQVWEWICTMPSRRRKQLVRAFKAREELGEDSPEYEIIKAFVKTELLPYFGVADGDYSVFQVEYVARLIQAPHDETHLDAGPYLKPLVQRLKETWSWEHWLFYASVSPEKLDKWLNKHRGATSWFWSDYSSFDSTYSAHTWRMIERFYQQIYPEAPESLWKALNAWRKPHGKVRSHRDDAKLEYFAPIMNASGRDDTALANALVNGIVLALSFTAVLAGKSIESLEEADVLWASRQFSIAVVGDDSLVACSFDVRPLVGAIEGKIRRFGLVAKCFSSEELCDVTFLGMMPYPVAGDLYWGPTIGRRLYKAFWQADPKGNLPAWTLGVAKQLALYQCVPVLSEIANRVCTLLDGGKITRQAVDENRVWSARSSATPPYDYSTMVWMCKRYREQGLVPRAMAADVETVERIDRLPAIVRLLTVDASLLVDDL	430								
A0A2H4IAT5	MIVRIIDGDIGATYVAEQLQAAGIECTVHSPNNPRARARYAPYPSMSISLDQLLIERHIGDVLGTYRGIFLISSYAGSLIANSMIDLCGQSNNIITCDKLDCGNVPVAATKLSVNIYQKQRKLARIARRVPHYESDHEFIIADNTVQALSYPELVQKEDIELNNKPKFLSSPSLIVAAKRLGIKSNTYHNYAGLVKEFLAAR	202	53.779356277884	35.52384321223709	0.41862	0.40812924902421255	0.39516425229617486	0.34954	90.56357552581262	-0.06907999999999997
A0A6H0DH04	MTVHQMLLRPAKKTAGVKVGFDPAIMAHVLEYQKKRMREIQPPTKPVVFETKEVINGCPLHSHFGGLDMTTSAGFNCAQTCPASTKKNFFARDEKTLLWDIDRSTKHGEQLFIRWENTLTDAQDGIIPDSMWDVNIKQEILPNLKNENFKSRVVWVLPVEDTMLHRAYFGSFVSAYIGDHGVHNSGVGMNPHSSQWDAAITRMKSVNPNGWDGDYEGFETIGNSQMFDLFVTKVNYWYEHHAGGSETLHKDNHIRMSICKMMSDGQFRANPFFYINPGMLSSGGYLTTVFNTEMNETLLAYSFFAEYAEKYWSSNPSPSAVQVETCWEIFGRCVKALLYGDDIATACGEDASFFTQLSHHNQMAKCGINFTPSTKTDACSDELKPIEDLTFIGNTTSVRNFEFAPNRQYWATPNPRSLLKPITYFKPGDDPLQSFVM	437								
A0A6G6C952	MANQDANWELLNRQGTLGRTSREIYEQAREIIGQITNPKDWVLSVFGYAGFDILKFREEIKNKIDTAESLYFLIIFFLIRGNNIARIKETTANKDAVDRLKSLETRLKIKSKAAGKTAAVTLSRIAISFPEIVAVILTEIPEIPGAVRLEELRLASGFDEFPSLARQPALACFIPKITPGAKDIINVFLFANMTISETINASNEKWNHQSPEQRLATTIVYQKNAWNSNLYSEEERIKWCIELNIMSRSGAFSAAWNSAALACKSKLDKHYGGHFS	276	45.558489963503646	39.47972171532846	0.28571	0.40894728560867205	0.43732202666705194	0.32698	92.66394616788321	0.04126999999999997
A0A1S6L1S7	MEVIKIDINDMVATPELKEAVAKIGFDEYESRFNQIFNDNELESEFRATLSEQMSDAMDDWKVVIINGAKSHAWQEEMALAKFPEQPIFTNCINGEPYIYIDMSMMPNIPADIRDVTLDYMLVKEGVHREQIIRGDMVIFDGTITWKGVTYTVDQIHEMASEKTMELLNSDAEDNQYDEKDIMVLVDCQHEWEREATVRTLAGLSHIYEMELSDVQRKLVDDWVKEFIDDVNAHAGDDGIELESPVMNFGAGTKVADIKDWVNTLFMCDVDNM	273	67.25798905608755	47.20474692202462	0.50635	0.5254931113301845	0.7221991049939311	0.78943	90.89219790241678	0.28308
A0A8S5TGQ0	MINGLFEVNIDSTNLYAALEESKNLKSEITIIPAWLLQSSPDTSICGVSFNSVATIGYFEKIKDKVHILPRDLGLHNIAFLSKDLNPFFKSIKDNNLETNNFILGLKPYDINCQPFMACHYIRTQTKHMVHNERQPHTNKVITTEQDIFAQMNTIPSAEVLKYINYYSFYAYDNQCRVVLKDYDLDSDEEFQNIMTNKASDGIFPFTFKDQDGNRNYEYLSYVNKSMLNIAKGDITTMEIKDNLINSSANRFLVKYDIYKKSKKCKLTVIFMALKF	276	39.08349065004452	26.214634906500446	0.23409	0.315575905892095	0.25636737893448	0.27834	89.83222617987535	0.044249999999999984
A0A345N490	MSLISNEVYRVKFYYRQGTNEALMIANWLLLDFEQGATETELAQAMLNDFEVATNKPVRSSSSVCYRVEVQETFGGYDYGVADGDVVGALGDTPAPSFNAIGVRQNLGTRLVRAGQKRVPFITEAVMGGNSPVLTTGQQVALELGYGQDIEVNWQDITNHNWVFTLRPYVVGVTWNPNANPPQYVLDPAKQVPVRSAEVTRITSQNSRKS	210	43.709541564792175	40.043251833740825	0.37063	0.36244948322592674	0.3750972892021645	0.39025	92.4733618581907	0.01961999999999997
A0A7D3V5T6	MATSVIKLVSLAKFPTKQANNVFSGPLYKTKNDHIKSMTNKISIHHEQVKNVREIDNFNASKNLMPSWKQVVVKQRREDYVKTIGNYTQALLLSNQWDNKSINVLNNVWEQLYKRDIVQTNHPLMYGENFTSDEWIYTGRCDEFESKYNMKFLTPYLEKWRSQTNYNFYPLFNTIRTFKQFNITDYSATGAVLAVKRNEIANNANNNITFIKSDIKLIDFCKKLTTKLDNGKSLNRLFPKYNFYAVMPFDKPAAWWLDSMHLAAQEIEGGVEFIKNYNEGSVFEYFDSLIGKQIQNHPLVDKCGHSGMTFVWTFSNINLIYKNGWTDWIQKKTNNI	336	31.895195972671697	28.39243078029486	0.23898	0.33702700672179187	0.32187227499956983	0.24612	90.81437612369652	0.0071400000000000075
A0A7H1D352	MPAGSSVQFGATAIQEIVNYLSSDSELKALFASKENIDEFFGTYKAQLDVWEKMVEYEGFNAITILRIAKGRYDKWVTDAATNANQITTVTFSYKDGGEEKDLTIDLTKSFATVLSLLIFIFVNRGCTWSKITKKISKAASNFLEIVKEMLGLDTDEHGSGSALAPEIVTVARLSQCVPFFSLEFYFLKKAKLFFSMSSLHLDPALISSVVLCPLFNTIIPQIEGRWNNGQNPHYIAFLACIHMDRIINRRKAVTTSMKDLLRYYEASFRTPVMTNTARMDLLNKYGLANAAGTGMNPTFLAASNNCKESIRALCITDPDLDYCISTLGDMC	332	45.77058166409861	33.59204160246533	0.31847	0.4230699531226315	0.4910182328672281	0.29104	90.02744221879816	-0.027429999999999954
A0A7M1CPM5	MRIVYMPVISAKNVQAASSYQFFLSWRRQMLKMHPETFFYVVAPRVHAGAPWHDGADWTGPRTEVIYAEMNGSMYEDLALVTREFFDRFNERFGDLYFDLIVTERPMVAPILKRLASFYIPSKSRTPLVITRDQFVISKDYNPASDNLEMLESLGWISGPVIFQSDHQAERAVTVARRYFKPAVVQRLIENTKIFPLGIDCEDVDQQNLEERSMKNERITINYSHKLFLAQSFLQSFAIMDSVMAGGRDVGLQIVTGSSQIKMDMIEKARKFKYFDFYGSQSRKQFLRQMAKAHIFVSNSVYEDFSATVVEQLYTGLLPVMLDAPWSRYLVGDEYPYLFKTMQEGHAMLRYVVDNYEKVRDEWQQTLQDRMKELFDLAHIIPDMADWFQQQHDERISKLKWGPGLSQVLDDAWEALPDEFDLPMFYKAIKAVARSVDVTKDNEGMSTSAWHCMDYLQKKFDMEDLGTAQPSYRKRGVKA	479								
B3FJU7	MRISVDNPYGLTGSEHIDGLYVYVSETKFDKDSLPEPYMNNTTSYSGYNLTFPIKDKPYWVMWAYRGRDNQIVYGPCIRLIDWSDKMIAIFSKNPYYLYGDANAGYISSSIIAAERPNIGAFEALAGTNIGWDNAASAPMWCTIDGVLYGSNTTPNKGMVTAVALYRNGYFARSGDLVDQYLPMTITLLGGAVTQGRTLTTPQVKYQTWVPTLDEFKAILGTFFLSGIPSTNPPISGWSLQPGKWYLTSTESSTGKFWAINDAGDTKEVGHSESLSVQMLYSFELL	286	54.81443501563197	45.28326485037964	0.51898	0.5041558718326887	0.5200213075322382	0.52543	92.27615006699419	0.006449999999999956
A0A8E5NR31	MSDSNKTADLTTSGEQFVVDLINAANATSFEASDVVIGAPSVSADEKYNTDIEVTHTVTPDDGQPTPVTVEYHYHRFDLARLFANRSIEIVNNNYTTVADLLAPLATEARVVFESTDLVQANLPTGDYPRAVVLKANPMSLRFTGQFSIDLLEAKAVDDSFITEPVITPNATPSQILRSPEHGTLLANNQSAEKLFVASNGEVELFVGARLGKVDYAVGSRNDEVVLDISDQGEWNIPFGAALLKKTNSKRLTDRYAVSLKITAAQGGGVINLALTRKFGRLYLIDTANQIEQHHEEATNADQSLYTDVLYINHVKRKFGSLTLNPAGSPYGDFQIEFKAVDLADASNTLTLAFTAKVKGLAE	363	63.416754133716765	52.80149892163912	0.54437	0.5966912107907462	0.6665257496831539	0.53199	89.83735801581597	-0.012380000000000058
A0A2P0XJ49	MKCNSKVTDSLISEKWFKGVSPKAKKHLLSSLSNLRSGSPTTPGFPLYGKTDWSVVTDFLKSVESLSDVPQWLIQCELSRKEKYGPQGGHAPWDELRENAEMYYTRIRDVLDTSCEVEAYRKLSISMLSAPDALRTLKYDGKIATRAAGWRAFDLKKTDPIAQRMALQDLKSGNWKNGWAYFFSRFNKQKKRLFVPMPYSNMIGQAQYFNPFLKAIQNDLRLNGANSDFIFWSDKLGFDFCFHTVIEEKLKDVDPSHLVWVMRDFDKMDTTMGPSQKLHYFIPKLNAALHFGDHSENAKRMTEMILFSNQCPIATPDGMWTGSRGEGSGATVTNGGETCANQEYNRIFNKALSSKCKQNKIRYRCLVSVGNGDDGLGVYELYDLSQFDLFEKLIREAAQYAAEQTRFIIQAEKWDIHLGSYGKYCQYYISKTSDGALHAYYLASLILNSICNPEKQYKKSDWDKDYRDLDIIMKLSNGRELPYFTQLIDYVDNGMKYHLLGSSDEDARRILSKWDKYQSLQDGSLEYNWFDTPEKRGIMNNPVVIYLLNKRAIQI	555								
A0A5P8D311	MFKFIKEAKDLSAANVDAEVIKRAQKRFNGVDAMVFGWVVQSVDSGKILWAVADVGFSKDLVRQFGMICMNEGKPLVYVNMKDLAFYVPELANSMISWDTTSVSLGLNNAIVVGTAYSTIATVSKATRLFNEGRAREAMSMNPPVTIVSPKEAGNDDYMTLVNKARRENGMLVIGNDVPEAHVKQISDYAESVLMVETVRMVALPKAS	208	56.2947210031348	38.40910971786834	0.33459	0.36048761252463035	0.40457381579034013	0.39891	90.81156112852665	0.06431999999999999
A0A9E6XCC9	MTDNVKSATGILYKPSKHLPNLLASEEVDQLLTNKEILKRVAQPRRVGSLDIVPNVNNLDSRYHGVLLDLHEAFKAKEWQPEVDPVTGLSVNFIGGGSSRILSVAGVKKLPVGCPIDSNIDIRKEIEKKATEQNIPMYHEPINEHEIKMFDWVCEAYFGKVKAGTPASLRRKASTVMPDFKGGRKAKDGDIEFKKDYIKKVFKFLQGKEDRWIEPREWQAAGFYLGYLCVERLQADTFEKDRWSNTGVEYVKVTRLLSEMKATKYLPNANRLSGMRVRTAYGASGTISYALTTAIAPVRAAMFAQYSFTYKHRTAKEVAEKINKFKAVLGVDVTQYDQSILAFWLERLCTNLHTIGPFSKAMASLNYYHVSAYALAPCPYDENVKPWVAVGTLFDKAGYSFERGLASGTPLNPDIGKIIQTFEIVSRLHRSGVLSFESFDDVSAFLKGHRKVACLNSSDDTLLLGQSRDELLKVIKIGGYLFWDVESVPAFLGTIYGGVPGKVVGYPNIMSYFNRRLNPETGIGYSPNDQRYHWRAGFVAQDYHYGVHPKFNQAVRLLNDTWKKHFGHTFLSIYEQPAYDRDLVFSMGARSEIDRIVMIKPEAIHYMFDEKDVSPEVLALTTATITPEEVDNYCTSFHKPDRVLYS	646								
R9TEH1	MDIERELHELNVHNNRVYTRVVDEVMKPNIIEIYKHMRDEIGYNQEIWYGDMDVYVSIEEAYEKRERSFDALIINNVVSCADQPITVALIEKNTYSIPLCKCVASFGEKKEQGHVWNDHRDWVLEGLDTLRDHNWKFGYEDLRDPNLVFERACLWEKVMPDKAYNGWTPFSYGCGFNTSYLLYAEREIRWAMQSITERTYHLQGQ	205	42.62243023255814	30.94522093023256	0.3109	0.33364278793313706	0.29362500968681327	0.24353	92.23888953488373	-0.06737000000000001
A0A1V0SKA6	MKKFYIENGNLKVGQPIERGSFYADNTVQDYNIMHQDPQPGIYSEEKAKDVKQKLDQFNQFMNLQIKTTPDHKYCAVYSPNYLYCDFYEQLEPEKYMPIVKSDNDPLYVDRARAQYSFTLKRNTYRPGDFIVEFVTHPTSKETMILFNDTHGQISVYNTKGQLIHKEKEDDKFIRNLEIINEKYMIAHCWVWHPIEIKVLYNIDDLVTKPDYHPITIWREEDEMIYEIIDNDKIKFSQINTYTYSNEYDPEYHKVIKECTYPLDEAYHDYRYIMQSQFTEMIENWQKDNLFKKIFNGKQYNKTNITIQSPEKIELLKQWESGQRIFIDCIDNTDGYPRDLIACRMISIEDSEDLPQIITIARFFHLNDDRDVDISLIIQTEQVKLTCKMNIKMIDKKYSPECVLDIVIS	409								
A0A0A8J8R5	MINLFDRVYLRHDNVLARGEGQRKLIISPKVKEIAYVTDKLQQQQAGILGTYETLDDAIHYAGDINAFWGQLLTKAKIIIIADRVTVATLLVQYWKAIFKDPSFSALYLLYEVTVNNENMHTHRPTEKRTHLFSPNSTDGEIEKVSQEEFQEIFDKNEAAMIDFSSDAQLPSIPFEYLLMSYIADPKDELVKRVLFQKLDKIMRSNIVAKLIGGREELMFESHNYYLLNGDGPEELIVDPIAYMKKSGHLDWVMDESFVYGNEDEILKKYSLDQIKFFFEQIKRLVLEDESIFVAIDCVKNKQFARLIEFDIADHQGNFFGTGAFVNKINGLLVSFAYQLKRMGNVNLLKQYELK	355	40.42292615596964	31.45074189095928	0.3279	0.3223507089370693	0.4062924818102087	0.30639	89.90278467908902	-0.02151000000000003
A0A6J5LAD7	MNTSELQLKRLMDNVVKILPVIEADGITLRLTGKYKKSFHYKKVPVYTIDNPENLPYTQEALSGYVDEAIYSLKKFFPEVTVAPQFLYYIDCDGLYIPQKTLNEISNCLVGKPFKLNTQYERKDITIEGRFSKDFYIEIDGEMVVIDVNLLVKSMEITLNGEVYNEFDEDEIYDILHDRFDQDIDELVWECLTDDIRNNKSFVDFNWMGWMVNTEYTLPQS	221	57.18390043763676	45.5904704595186	0.5429	0.5837286281572536	0.5131425927859679	0.48507	92.1006455142232	-0.05783000000000005
A0A2Z5H8I5	MDINTVLMILGAAVFILPCVYLLGYARREKQQEGWAADSRAGFNKERGALQAYHAAEMQKERNVVRELEISLLKAGEAIECSERDVAKMTKRWEYADNYRAAIVEVVHGLGLWNFKVHADDPRLMLQVLVDHASKEAVDPATSKKAKSLITRGVRKGAKQGREQMRKLMQKSIDNQATTIEMLRADLKSAEEDVAYAVKRKDISVQAVRNVLADKVALPGVRRSLSQAIIVETGRLRQIAATKGE	245	84.266157455683	67.24162148070907	0.51712	0.9003317438676303	0.9130265638965551	0.54688	90.54798227320127	0.02976000000000001
A0A4Y6EMM7	MRDTITEARKLLAVLGWTYGMPTTRGNSAGWSTTVPLVSDAPLADVADAAAVEKAEAYGIDTNGPDRGRLRVTAPTGSSYFQGMAPLVWADIQVAGLDEHLRIDYDGEVPPLPEAEVCTMLRANAAERRRLLALRITAIQAARGSRPVEHIAAAAGVSKPAIYKIYKQPPDLQVQVPGGDVLAVIRDTVAALDSAEDERRALARRAHGEGVSVATIAHFAGVSVRTVYTLIGE	233	68.99406536697248	63.30885321100917	0.58475	0.6501909790636665	0.6857037997325306	0.601	89.77049311926605	0.016249999999999987
B2YG24	MFKNQTKGRQLYAAVGGRTGLIAIIIIAIVVTVLVVWYVRKKIMERLQDDDDFLRYMRLIKPYLKVKRENQKIDEARVQFEMDRFEFSSILLPVGNPEQNLTWDTDSSVFGDLCNSLMGMVSYGSDKTSKYYRNQLLWKQILFAIRTISKKLPDKPNDYQVPWGTNWYQFSITYPTFLVSAAFSYYDTFGEQDPFLTRHLASFISRYYKEPASMTGLISMGWLRYESNVIGMSVPLIGGRLYGNRFDPNANSQKYARDYLQVNYVYKDNGFYYDNTYVTHVSRNDGYTTSFYHEFKFVYDFYRMDTKFFKILHHNFSILEHPDIPLHHGPWFSRTGSLRAFAPGRQFATYGLDIRGYGRAVCLRTKTVSLHFNGQLIPLASYESDRTNKEWAQAWVFMRRPMTKDTADSLYPELIPYYDGVHSYGRKQIDWPSETTTTTTFTPEDALCSLCYIQDRAAGMYNKYKIYMGRAYSFDIEEINLTTPNGFHVLYTCKVDPVMSASNPYTIAVHLGNMEENQEKGRLTGVGSKHAYAFDNFIGSFLYLDDVDEENNSAVIHNEKVKDPATTKELDALFVQPTQRQIMKFGFSNNFYEYGTKQRHNELNAVPTMNVLSTDEFKVEKLDTEDAMLILYDYKKKMAAISFGFNYVLPRGIKIKKTLLDEKFEKYEVVGGILSSNTNEYTVNTYEKQFQMLLKNVVFK	700								
K4JSN9	MEVDGSVVLIEPMEREVSYRYSDGSVGAYRQRSLYKVLVDDVLRGYLSFPMGYGGRWSVVTLRPKHRYSNVWRHLYSDRTEHGLFEYYRSVSPGVLNETENWGEHAKFWEDRNAILAAFPKMIALGRAPSPEEEEANLIQMKADYEESVRQDAANKERWARERAEREAQQAEAARIAEEKRLETLEGLNSILARETLTNFERDCLMTAIARFSN	214	65.54006861063466	58.11515151515151	0.55488	0.6201340787208909	0.6242325002132937	0.52138	90.31875929102345	-0.033500000000000085
A0A8S5RZ22	MDIFEKKEIIVANIKRFNANNINPNDVILCNTDEELLKLILRQSPNYWFNNYVLTLEEFVDFFSDLFEKYNIFTTGEHHLYGSHKGYAFGDAILYVYNNYELYAYQKATVYAYTQSHIYTHDFTKAEAHNLACVDMFDANCHTEYFDESCGYIHNGEAISNDKSSIVLIEGTLTSHNYSHIKTLPGGYKNVTAMDNCTLELHGSPCADCYNRCQVKAYDMSEVICHNNVCVESYNKSQVILNDLSSCVAHDTSIIHICAAKCVKLMDLSIGYNYHDIAIQMDVSGTSYLCDLTDTFTQVQNNGTIKWEQSGKIFSNQRNLN	321	87.53304972804973	85.50309634809635	0.9575	0.9134262295407837	0.9129105740822142	0.93594	89.54869852369852	-0.021560000000000024
A0A7U3MFT1	MYNLQYDDGILKSNRESLVNIRAPFFKRIDRRSRKSSIERLMISPDTTRNCSQIKRFLVPFNDKYLYSMHVTYRDDLKCQSIYDTNKSLKRILRSKMLMSAVNRINEYPQLKADILSVIKLVVNSWEFDGLITDIEWLQDENLLDTVISKWKLKKYESSTERGSVINLLIKSFDGVPLNLLSHLEMKKISIEDTDIEDVKFKCPLILMRSNSSCAGFISKSLDKGLPVSLFKIDIKE	237	36.415092879256974	30.93171310629515	0.28143	0.27095481716422143	0.27916733874441274	0.2675	92.01287409700721	-0.013929999999999998
A0A8S5PN83	MEEIAKYALLFIIAVTGLMTIIIVIILLSFTFLDKIRDKKAEKIKTNIIKSLYYFCDMANIPVSTSGEFTRPNGNDSVGYISYLSDKNTGRISGAVIYLRDDIPLCKECKWSIFAHEVGHYISQDVYNDPSEAGADMEGYRFIMRILSTKEKLIMKSLIDIYFRDKNEHPSENIVYPTHFEENMFMSKCMEEVKKYYERIRSNN	204	81.17416365824307	72.568321299639	0.72538	0.6942529916733913	0.8314631993666669	0.87321	90.51367027677497	0.14783000000000002
A0A6J5TBQ9	MLNIDTIVYQLPIEIDIDKILAESTHLISKCRYASKLPAQDAAVSISVTGSEKTPLDHWYDYNTGAMGVSKDHITGEQVTKDWENYTLGFPGAYREIDSYYKNGMPDRDLIQWHPDIVDSEMFRFKDRIASFFNIDNNLRCRLSFINGKWNIAKHSDPHTPWRVHVNLKSGPGTYWKFHDIETNETITWHQPAGSVWLIRTGNIQHEVVVPHGESRLQIFYHIWERNLGPNYHQIA	236	66.20698969072164	65.4420206185567	0.77188	0.6875153678815581	0.6228475134181707	0.7219	89.9593298969072	-0.049980000000000024
I3RW86	CSQREFLLCRDKWAKNTSGYIGLGQNLGRQKIDVALNSDIKALERMMEGEFENRPFIKSEPGKSRPVVNSNISCYLNLEYGWVTIKKTLKKYLGKRTTIFDDASQKVLLWQEMIIGADNHREIKVPLDYSRFDSTIGKTQIMKCVRLLLDMVRGNDNWKRSVTERFERQTVYVDGYGKLRWENSVLSGWRWTSIITSVVNLAILKATGADASGVGIKVQGDDVKISFQTIREAERCVEEINAL	243	84.05920081967213	81.15405225409836	0.9106	0.8437911686424526	0.8407221679947554	0.9083	92.16293032786885	-0.0022999999999999687
A0A1W2KDR6	MAWGRELGYGDEAPVFDGLDAVVDPLFRSAGKTGSARRNRGAQFSEGSIETMKGRESWSEENLRINDSLSRKLTADIPSSTDEYGRVGENGIRGPFWGLRYIPGLPMIPATYPLADNTKKRADAGLAAGPINEKHELIFRATVRLFFSGLENQGLRIAKDTSTGSPQFLKTMLAKMIIARDALQHAEAAGKLFLQGKYQDAFLLYDYGGCYYVVYREQMSDGMTVDEAGVFTPKQRMVADRDYAVSGGKKGKLFPSNRDPSRLREQGFFVPDGFFCTRRRTAMACPFTINAAIMTVAQAVRARIYDEYAFALHHTTRVNKQEKVNGWDFAIPTDVSDHDTYWPGWLLDLICDELLQIGYADWWVEILRTAMRLPVYVSAPSPDEGRVLIGDWRDPRMNVGLPSGIGITDIMGSLLMVPCYTILQLDHTAEHLWDGIRDLSSACAFMDSYLKGKEEIAQMSKSDDALIGWKRGPSAIKGRALLAKMQEGAKDLSPYMIISYEHGGAFLGDILMFDHTKEFSAARFVGNALSYVVNMFCPEYGVDSKQPNREKRARAFPGLAVEAAPLVFGSAPEFDHINEIIEEVHYDHTGESFAAFRREILREDKQALTDWIRDRSSYKTLGELSPMDYEVLAEPSKLTWKFDPLIINPAVIEMVSTGLDKLETAPFFNSVMRDVK	676								
A0A6M2VC08	MGLESEIKNSDFSQKQLRYLRNLISRIKVGFDSLTNSQTKQIANAIGSITGGFIRIYGYNNGNGVPPNVPLLVNGAETIILKNTNSTELKFYPNSEYPLQIKTKEDMNLNLPNGKYLRIYTKVDNLYGVDNLFKNITKDTLLGNFAVDAYFQVSIENYGNDLVQAQPYNITIENSTTVLPRIRMGAQYAGIPDEVVTNGKVINVTPFQNWDHTNPYWGGIDMTNETQGIKLQLYTNDSNNILLGTGYAYAGGNYPNTNNWIGQIQNYYGTRNFKIVISNI	280	57.73118415128321	37.23937415578568	0.28702	0.4710749893529041	0.5398088272814775	0.29775	89.82266996848266	0.010730000000000017
A0A6J5NYU7	MSDLGSMCVVRGGSSITTLPQYLASIGKNSFYARFVAGTNMFVNADLTGGAVALNGTVGSWQAEAANTSNFTAYFAQSASGDRPLYAAANGINSLYASGNATGDTRYMDLNSTTALNGNYTVIARHPLLARDSKTPFSHNGTAVYWVSAAGGGNMIAGIGANGVTAADQVTHVIRNVAGTSSGNCIIGVSQTGTGHNGFAPRLFRRTTAYSASAISELWFMPVLTDVQLDAAMAFIS	237	72.69015688553168	68.836188262638	0.75588	0.622869980213027	0.7446395353657458	0.84702	92.61857059848924	0.09114
A0A8K1N5R0	MQTKGSYIAETWANRYHLHLYPTIPGQRYMRNKPRLIFQDSCSNVRLWERELSLIRNWLKANFPEYFSAWRNPMDYMNPRITRTLGRTRVYSIECDYEHCDEHFSLDMARQIVCPIIREFMDDATAVLFEVYVEECFNQPLYMGAYMIEGLHNLFSGQTITNDFETIYDVCLMIGVLLVNDYDPIKIFLLANGDDMALLINASESQVVSIRDMIVKEA	218	82.19896609227348	75.98939410783768	0.89589	0.8324113821087086	0.8168166333704574	0.88785	90.29874374652584	-0.008039999999999936
A0A6J5KKC9	MASSTRFPKGLNTFHPRSILSTFPISPSASQYILTEDFIPYQSGKYTVTTAVSGTVATFPFLAGAVKLATSASATDTTYMMLNGAGFQLLPVNQAWFNAGVFYPRTVLNANDTNIYIGWFDNSVPTSANNGVYFIKPSGGTAVHFVIKKGGTTTTFQNVADLALPSGLYGDTNSVNGVLSSTISSNAFTGVSVSTAGAGYQNMPMVLSTSTAGGTTGSVPVSVQIASTAFTTGNPSVPIQSTGLTYGSLSAPYVVTPGSGFTNAGPLTTLLEVIPNIDLQFYYNGKDVLYLGVNGRQILSIGSGGVIGVAAGATVNTATGIAPSYYSTTQLSTAIAPFQPNTGSVANLMPLTPLNFAAGFANTTANIRTFYIQDVYMGVEYN	382	59.217965677511614	48.791726850196646	0.67905	0.5118548048539514	0.5857311734364877	0.67406	89.81711834107972	-0.00499000000000005
A0A1V0DYE5	MKTEFNLIRPACDFAGVISTDASVHILGGRMETANKKLIVSQPVDGLPDMTVAAVDLDFVLRKMPDVESVKVNKTFATLNPSTGSSTRIKLMPDGKPYKKPDIETTDIVDIAGLLNGIDEVLPFSVGDPTRPWSEGARFDGTKITATNSTMLIQANMAESCGLDGITISREALQYIAQRGDALKAWGVSERGILLEYHDGGWALVARMSMEMPDNAVTMINGINDWSDMQEVDDEYRAALEFTSDFAEKAVEIHADKIFGARYSSEHDEPATTNLGDVDKAVFDPKNLVLVARVANEIGFDRYPNPVPFTTPGGSKGLIAGLIE	324	90.35986628849273	82.82069286871962	0.91411	0.8260960307890857	0.9167078775265789	0.9637	92.06889384116695	0.04959000000000002
A0A4P2UQI5	MNTFNIELVKKIESDLATSKVVVMDALTAMQKVPSYLSEHVAEADYTMRQAFLGNNSSIASVLSGLTHAAWSEFFSNHLTHYLIIDRECVATNKYTFADSYKRTTYSGVKELVEFNQANAEEFFNEFLNIDRAKCSKWLKGLLERTGKDWKNSSTEFKTKMTLRGLDSYGTVSRELGRTLFAVCKHLGLDFTFDKYYTELRNHNKINGDKFKVNDDLDITFEYHQNGNTTLRIDKDLVKLLNDLLEG	247	70.42250501002005	67.32947394789579	0.60757	0.6953228925953643	0.6654801936213198	0.57288	90.35926352705411	-0.03469000000000011
A0A6J4EH88	MNILITSNTYYTFNLSNYRGGLESIVGETFKYLASVKDRTGITPYLMCPKDSVIPAEYEHLVFRLSMDAVEKIKIDNPEKKRIIVRVSDEDQARLRQFITDKDITGIFDNSTKPAVTKFLATLGIPMLHLKHNVCYGFEYHTYMAIDAIKKDHSNVKVAAVSEYVKNGINRSIEGFVDYVIHPYIIKPVESIRGTESLRDVLVSRIQRDYRVNDIVKLYGETGKQLDIIGDHHLLGDPYFDEFQALVDKYPSVTYLGPMNHADLLNMLPGYRAYASLGVQDAFSMAVFEAQAQGLPLLSIQSEVLGYDEYVVWGPNGTGIKMDYSVFKDHTKFIQAWDQVNLVDRQNVLDNINEHHYIQAYTDSIFSLLI	370	87.31644825268818	85.67518481182796	0.94211	0.8663288632209223	0.8983297442177023	0.95569	89.54841061827958	0.013580000000000036
A0A8A6C6U0	MPSQILSGAQLTLAALKESDQEAFQRLLGSLLTAGVDASGFQYGPIRVEADAQFAKTAVSINRSKADVSLWGYQNSQDIRYRRIALAALKSKFGSTIRADLPTTTKELMAIFCHANGLADRSDQVVNAPVNALGNVTLTMNPGQFLLYGSDTFVLKPKQRQLVDVIADTTLSGFRAAADFTGEAQARLITQMQADNNATLPYPLEPARMTFGTPEKISGYRYDNTKIVATASGDGYYLGNVELVYTRYDFGWSQSGAQFVVQGPSVPTTMYMIAAVAQQTGLPIALVDVEIETYQPVPSGQLVTLTIVFRADNLRYTGELTIDYKAN	327	87.41204554534559	80.26336795844986	0.70655	0.8383912996266408	0.8361942698363138	0.69218	91.934190970835	-0.014369999999999994
A0A3G5A3Z9	MLNNKTDKIYKPDLKLITRRNNSQGLHMHISNAHLALVKIGESYGGIGALKMLHFVRTFAYFEGVIRTFLLRPQDIMDRGNHWTKSIYYGRENYIAKKDLAEAHKNVIDRGIRTLLLSVTTPDDAAIAKVFEDVSVHILSKQGRLYSGAFSLKLHNDSLCSPNDVLPNFECKGHIEVRLHHSTDDFAEIYNWCLFINLLLTKCISDVDRLISSGKKFNKVFREVVPNFSVDSGVSVKIFDELFDKYIQSDTLKTFYRSRSQNAEIKSGTLRSKTLFELHPKAIFDSNGEMLKESKLIDLMRAFPLDSTLKLPYDPKEKFEEILK	324	56.59671117893934	51.27482640213659	0.6159	0.4773410667026579	0.49862631725852485	0.59627	90.39779091949639	-0.019630000000000036
I1VXA1	MYQIVSALRYLDGKWVYDEDANVKTIATLIEETRFNLITLISNGKYYLLDNSFLNTLVNRSQSLGNYLANSGVTLPEIEEPVDLESIGLRDCSGIERSGNDYIFKEPHPFVVGANGINKVTSSIVAGLHTKLLVLEDFILGYLDTELIQNTVKFSISDFNSTVFKLPKKFKLNNTLMVFGDSLIKANSVLYDDGESYRLTQGYAKWLVDLYIDNLTRIPPTNLGLNPKGMSKDELLSLSNLKKLFTHNNVYFVELENDYPIGSESIEVINEYIDDYYDGIVMYGTKPTTKKIIHRRNLGYGVQDIVGTGNLQTFNDNPTITMAAEDRVMKTYSPTVMLMDYPIVKRK	347	36.71624864474159	27.72244307914709	0.2497	0.2741269831643577	0.27806796188738625	0.29501	90.21251174557283	0.04530999999999999
A0A1L3KPJ5	MSQQKVTPEELVTLAKQILSIFQDEKTFVETLIDEFVYVGFDVLNFMTALKACESNSDKFKKDLVRMIILFLSRGNSVTNMKKRMGPAGKTILDGMISTYGIKAKVGDSSEPNVVTLARVATSFSHVTAKILDGTNLTLPYNIQVEYKNCPKSLSLSSIFSLLPKPFQVKDKEDLINLIGACLYCQYKQYSIINSKNRSRLTEALDIGNHIITYAVISYKSNVFTDEQRMTHSKDLKYYTEGTKGAKPVIALACIKDMMEALCALFSPDVENNFF	275	38.96740397963905	34.465890791300325	0.33583	0.44874875964221944	0.4415267046926569	0.28573	91.7178482184174	-0.05010000000000003
G3MAW4	MELIEGLIKYLDELKPIQIEHKDAEVSKEEDLEFLKEVVNQIKVKPASEKEREFLRYGFFFSGDHLFYDESFVKKMSSEKINQAILNHLFHFMSGAHFYDSYRITRGNRHMSVCALYFAHFNISKVKPSYVQNTRGSFYERHVKYDGKGLLFMPPTSSDKYFFEEYEAGNIGILDFMEFSTIEKYDFNEGIVYDYRMVLNHITVRRGINSINVIKKRIILLKNNDGTFTKVNASNAKGKELLELRKVMKTLGGEQK	256	53.7649150141643	31.75518413597734	0.29978	0.3569554228289393	0.5330570503921455	0.56401	90.35263456090652	0.26423
A0A3S8NEY1	MEIKRPGIFSDPEEKIFSRKLDKDQFMDEDHYERYQIIYNLRKQKILEFKDYFIIIDEPYKYYVADISGVNLCTYFVVGTDDSGKLFSTFRPVCADDLPKSLDTVIGFRNTLFGFQTHFWEEEKTWYILERDRRVKVRLQGEVIAEMQVADSDNITPFIENPGGVAYIEKKAKEVGNKDLYYAMRNLLPKYIAISIKTSIPYNYDAFMDQFRNGKYHNIITEFLWDAMNVKDKLRIKVGNHIIHARGIRLSSNTFLINPPRMIAFHPYHKKVIFPIHRSVYVMF	284	37.488680672268906	31.52888235294117	0.24815	0.38534044073778967	0.4221058814073088	0.30121	89.69793697478993	0.05305999999999997
