id	sequence	lenghth	pLDDT_after	pLDDT_before	tm_score_before	tm_score_after	lddt_before	lddt_after	plddt_AlphaFold	time	chain	chain_type	resolution
A0A2P1JNY4	HQRAHLVPDASHLGPQFCKSCWFCN	25		51.86253731343283					53.40920398009951				
O56483	TTYTSGGAAGRTTTGLRPSLHLGLLRT	27		51.5120207253886	0.16421		0.4541122979235724		59.13725388601036				
H6CVB5	MRVKGSGRIGSACGDGASCSLGC	23		55.34773972602739	0.11776		0.457577235566366		60.34465753424657				
Q64969	VLESRKGKVLKMKYYLIIDR	20		83.27777777777777	0.48641		0.6747162126068377		60.50654970760233				
A0A8F3I0S3	LKSLFGDLLQ	10		58.14886075949367					61.676329113924055				
A0A8S5S5V2	MYFDSTNTKQNSSYYSTNFRQNYSIEYLL	29		46.79063492063492					63.18753968253968				
A0A858NGT6	MRYRSRSRSRRKKSRRVFKYRNSRGGIRL	29		87.43815384615384	0.70701		0.8171098080137127		64.83223076923076				
A0A8S5N1G5	MCDGNTSVPRTPAPLACSTPAGGGRSGRG	29		47.97768421052631	0.19694		0.4772121078155561		65.33784210526316				
V9NVA1	MDMMDMIYDGYDI	13		62.26296296296295	0.24486		0.514217032967033		65.36407407407408				
A0A345N3G7	MMEKFNLFSIFFLGIIISLIMKSSCIKSIYINSYSVKKNYSRFGLNEGSPRYYKHNELFFKQIKISLRASKSKEYLSKFLLKT	83		61.79365994236311	0.49475		0.6556595638282069		65.58211815561961	1.0467491149902344			
A0A8S5TFP0	MKQLKDYLECDATIPANTIGTGNPIPPGPNGEVGSGDIFIRKKKKKK	47		60.652683615819214	0.34078		0.4893057960598229		65.58220338983051	1.030620574951172			
A0A2D0ZN48	MTICQGRCILIFERITLSNSSQGNIVKQLVRMQDTMEKILDELILINRGKPREDIVSIDNRSHKSGNKNYNNDSTRK	77		67.05114886731391	0.38541		0.5399806510302982		65.58223300970873	1.0567529201507568			
A0A8S5T4M5	MFYVSDGKVYVREGDHFRNVGFTAKDKVITRRELESTSVVMGAVVADTLNDPVPLTREEVITKFGLSENNPIPVIKKSRKESGEPVE	87		67.21607613469986	0.25143		0.2817784294345681		65.58244509516837	1.0587642192840576			
A0A8S5M6M6	MTREEAIDTLKNGLWWDRKQLDEAIDIAVSALRPVSRECGNKAAKKIVQEVLKND	55		70.43230593607305	0.62894		0.8453845156474211		65.58262557077626	0.860321044921875			
A0A2D0ZMW5	MERSEMRGYMVTALIAFTIPTLGMATKVGRDEAIADNLNKRLDSLVVLIGEEGKISRANYHKLQEHLEDDHKVVEALAQDYRATHAIVERMEGSVLRTKELVRGYGEDIAVLKSRK	116		68.21537704918033	0.48252		0.5625514780956336		65.58272131147541	1.1177620887756348			
A0A6G5YB47	MKTKKFLFAVMLRVTGVITGLEIALATSPTGNHYPSRRRSDVIVIQVDEFVRDDV	55		60.73152073732718	0.55165		0.5441151756671091		65.58276497695854	1.0017225742340088			
A0A8S5VFF1	MKLTEEVCRNAFQYIADGTVKIDGNSIYNPYEEELCIFEQLINEHFNNKKKTVYLCDRLACESCIDDSCKHTSNIEHARNFEEIGGVYFENERRVKEVKDNE	102		64.86350835322196	0.261		0.3658836136564645		65.58321002386634	1.0437607765197754			
A0A7S5W9F7	MNKQALHETCQHMFNLVLNYKYIKEGVPSYLLEVSETPESLNVLTGGQWFQVWDKAKELVMRKGYI	66		65.85398897058825	0.41446		0.5191687140737639		65.58341911764707	1.0237722396850586			
A0A873WK49	MSVPELEGADDPGPDIHAPQEGGSRRTGNDQRGAADLADHEGSDAAEDDRDQETECVRDELLLVGTH	67		64.06826961770624	0.21123		0.4645718709151545		65.58342052313883	1.0158305168151855			
A0A410N6R9	MCKLDDCSRYPPKHVPIHPPHATGRVSDRAYNTVVFGYSFRGKTLTTRETNVYP	54		61.31552995391706	0.19828		0.3860477470363091		65.58347926267281	1.0176701545715332			
A0A141ZJG0	MSRVTRGFASRRRVKTRGARVFVGEGRRSRPSHHKSKK	38		52.37974193548387	0.45184		0.6220331135209638		65.58390322580645	1.012699842453003			
A0A8S5SE14	MKIKFSIGPGKTLAPGVSQAPDLQYIKSKFFYISTSENGIAPQAANGAPEKIENANVMSVVDDNLRSVIGLFNFENVENNGKIITTAAAQGISNDDQSLYSISIYKKEIWYNRETGRPVEQDVWTPVVLEDASGTIRDFNIGNNRYYKYVFRLVENKVDGNVEYQSGIIVPIKTSWQGWSITELHETDDPKVFTAAPKDVWKFKYNISNGAQTQNVAKTQQDTLSRYPIFSHGVKNAVGGSVTCLLGREMINADYTNKEWVYEQDPNTSEPNFVWRESSGPLENLGGYRERLGRVQNFCGTNHDYLSASVLGFRNLTSNEAVDMLDKWRDVCYSGNPKLLKDQKGQTFIIQITDPSNTTNESWEKMPEEISFSWIEIADAKDCRIIQAE	389		38.18893630779179	0.20849		0.2033780293467036		65.5839799547365	10.533826351165771			
A0A7H0XAA5	MALSRVATHLPAVPKQVTEAKPLTSDQIEQLNALILRGAPFDKTTYSAVLPWLKMHFSDKYVREAIEKLIGYRVTGVDMGKSIVYNLPHKKLEHSAIYTKDGTYGLRERGTRKRTIVFVQIHFENGLHYITSVVPADKL	139		71.37982898289827	0.21215		0.2640439333881594		65.58404140414041	1.6622960567474363			
E3T515	MIVDNTTTFNVNNNLDFSEPTNLPYNIETYVSILEGPTSYKFWIQMEQLLLY	52		56.99576388888889	0.30197		0.3439856655651597		65.58444444444444	1.024146556854248			
A0A8S5LYY4	MRLSILRGAVASDSVRNVIVLFAVSVIAQFCELIINQKKVMPMMESLFLAFLIVVQSVGASMIANLLLSLKYLI	74		58.56206349206349	0.47641		0.4909838857489327		65.5851851851852	1.0327274799346924			
A0A8S5LJF8	MNLIVHVTITTSNMPPKKEGYCPSSQKGLTKTNRKKYLKTKCD	43		56.76523668639054	0.30137		0.4897269074594656		65.58523668639053	1.0037238597869873			
A0A1Z1LYZ1	MNGSKILVTPVFNTYIARKRLEASYDLLTKYIEPGDELTIIAGCFKDVPGGTYFGAERVLIDKLNIIIDVKDVEERWALLTDSHIDGCSKCKDPIFLLIK	100		70.60581012658228	0.21816		0.2578046374740804		65.58524050632911	0.9169378280639648			
A0A5Q2W7J1	MRMAIWMFLTENHTKAELGRTLGVSRQHISRTINDFLQKNAQKLFT	46		70.2921052631579					65.58623684210528				
T1QZ92	MVNDFNFDVIVRNNSDNSINFVNFVVDDNNPKAASSDFGAVDKNLRVDDSIFGVADNNIDVNSNNLGVDNIKISNQDFQDIIDFMNKNAERNRELRMKPYKSVENALKNFETNINGMKDDVSNIQEKINSMETQLKCIEDDAYNKRFSMRNKKTRYLNKRVRQLECLTRTQLLDLIDKCIHPVDVLRLTEIVKNKLR	197		50.0894875	0.24451		0.513164297200419		65.5864	2.504584789276123			
A0A1W5PTF4	MQDYCRSNKNRLNCKAVLVGELSFAGSLITYKNIVEVS	38		52.098885135135134	0.31148		0.604165832209928		65.58658783783784	1.1747143268585205			
A0A6J5LXW4	MKLFFISITVLVFFAMGFFLIRLNRLTGYHEAVASIAECRTNFGSGYGSFLAPLSQCENYLKNKKEGEFFNDTP	74		63.95107925801011	0.38126		0.5415759290544044		65.58661045531197	1.0267696380615234			
A0A6J5LM71	MASKQTRMGLDNMKNVTPGKNDKFVPHSEGGKKTGAKTVTSMAMKKFGRNMARAKNQGAR	60		62.27117516629713	0.20262		0.4801296258087465		65.58694013303769	0.9967224597930908			
A0A8D9CCI9	MLKLCRFESTGHSYDDIVLYDDQTNKFLILESLTDNNKFNGCIFSPEPTGKFTDLDTFKLDHFNGKEVTIDDLINSEHFTVVINGDTILSKPKVNAQNYDNNGKIMIFKFKEKDSITYETKMSEEDYPFHEIKSIKANLIFKKKGL	146		67.8461480235492	0.16999		0.1801704053020974		65.58721614802356	1.609757900238037			
A0A8S5M7W7	MTFTVYTSFDIPFLTEYSTHSEPHRPALRATYSII	35		55.38775086505191	0.25809		0.4702223768295197		65.58750865051904	1.860278367996216			
A0A1V0SAD3	MSYYSEDNLKIELKKTLEFKEENLTNDENYSDDKIFENDPYQHLQFDFWKTFDFSKMIGNVFEANICCYGDLIMGAELEISKKNILDLDILYDDIKKSSIKCDIGGFQSCINIIPNIHLCDKIKKHVKETQDKIIIPIFFIYNLINANIYGYEGIPIFLLIYVRFYVQIVSDKNLFTNDVKLRISYKKICVKDKINGLNNKKVHIFPSFYTDYISQERELIRKITNPCAVFINCRNENDNEYIFSVTCDNDIHHYNVLCGDVEEKYIFGQRYIIIELQKISIYNLMNNEISNLTKIDNLSVHCNKAIKNIIVLGVSKCFITNGCFYHYDNKHDI	334		42.97315370705244	0.24163		0.2045653064245021		65.58754068716094	7.200273990631104			
A0A8D4GNA0	MLTNIPHHEHCLFLRHESSITNIFNWNWKFKTAFCFVPQFTMTEILECYLLAVLNHFFDTHLSSPHWRSEMDMNHHFPAYPGQAF	85		67.95980662983426	0.62094		0.5018888361011214		65.58779005524862	1.0306074619293213			
A0A8S5P5B7	MTKKLTMKRIREIIREEEYSPTKILLSLEKDKEYIYLRPRWMYRNAIAEELEAAGIKFEKIVDNGLVYRIESLIDVEVDEIY	82		63.08123563218391	0.27366		0.2668779592197067		65.58818965517241	1.0327718257904053			
A0A8E5K713	MIRSDLYLGIPDALVAAKAKEYPPQELQPSPPLIRMYGDRHGPRENS	47		53.89522911051212	0.24695		0.5102744807688487		65.58843665768194	0.9967782497406006			
B0YLW3	MERYLSPFLIKFFSTKISSIVIVNGIQICLLHYFYIFFFAASHCDFYTTINRDSTQKTCVVSTTHVYNK	69		64.01935314685315	0.3735		0.5112014045190506		65.58902097902097	1.0337471961975098			
A0A8S5NMS7	MRFSVQKGGEGEERAGRRLLAPGNGIKGKDRSTAWHQ	37		51.04979020979021	0.20713		0.509042909042909		65.58905594405596	0.9717564582824708			
M1HY07	MWISSRESPLPFHSIYENATQTLVKSLDFATLSNCGNPLKLVIPNHIGNCMMAESGTRVW	60		63.30004273504273	0.29377		0.33181907487202		65.58916666666666	1.0027687549591064			
G1D4G1	MSTRTNVSAMIRSVEDGNDYVIQGKGGGKPLAIVLPYEKYEDLIAAYAELQIDGRR	56		74.89150462962962	0.39269		0.5936213387407696		65.58965277777779	0.8596065044403076			
A0A873WUX0	MAKSIWKPGVKITRKEKKALRRLMPHPNKGRKHYQWRVENLRISHIMKNVLNDDGTLNIVQVAKHSVRVSAKLTMKREFAISRVQGKVKGPIFTEVDNIGQNQGEVTERLRTGYQFTVTSPELAKTIRELPADIDPVQFKETCDKVIEQYLSDNIKNGTTNPEIKGVHLCGKASNIPPVPKE	182		57.81773415977962	0.25182		0.4193581097617254		65.58968319559229	2.1907050609588623			
A0A2Z4H853	MLYLGWSRLWWSLFWYSCGGKRPGELINKNLTVHPGLSRCL	41		50.00480938416422	0.32821		0.5710785488492518		65.59011730205279	1.010713815689087			
G8FS42	MEETQRDYTLGPISGDNSAIALGPAMQIGSATTERELRMLAMRCATDIYMGTGNTPGVKRSELIITVSERLLAWLKAGDEDEG	83		60.190658105939	0.34042		0.2791378918882226		65.59024077046548	1.0197699069976809			
A0A8S5T1L0	MDMLNGSVKNPLTVKKNGQKTVFVVFATASFYGPFIPNQLT	41		50.13430379746835	0.17771		0.4803909505129017		65.59028481012658	1.000739574432373			
A0A7G3VCH2	MAAFRADINYATDCAGRTLCMVDASLPDWIAAAGSAIGALATAAAAFASWRAASTSAVAAKRATEALAYHHRPTVMVSVVRSQDSTATVQVTTYIDPSGPPNHQGFDQWKARWASKDGRTGVAHADTPIGSLRIPVPIEPNAFLALSISCRDVSNDVRWFVEIPQPHLRENYESQWPMHIESNRRAEG	188		51.11788958770092	0.31481		0.2610228463855962		65.59085953878407	2.343759298324585			
UPI0020666631	MINLANRFLKARNLYLSDLEDVHRLARCVARKYEGVTVDYDTPTTVEKGDTHATQINQNVFEVSTDRYDIILTREEAERLRDVLTVICAQT	91		67.0553459972863	0.28895		0.3707754425223		65.59109905020352	1.0206985473632812			
A0A059T7R3	MEQIYALILVVTEQARQGFHITEAEVTTLRANLYTEMEETIKKFPDLKTEDIRDLIKHTTNYRILSTYKERTPEHILEETLRDMLDTYPYDIEDDEEFPNDIWNALLSISAGCSVEEVAKSLNTTTKGLQKFIDKYKKGDMRCGKIPR	148		74.34695544554457	0.24007		0.375747330585528		65.59154290429043	1.550889015197754			
A0A481YVD1	MNIVDKLIAEGWYLTIVDQDHHNTTRYYILPPDDRKKWGAKWTQVPYGSLVILLPHYYNDAAIRNSVGVPTDAPASSSAGMGMPSRFGKRTMY	93		64.94938005390836	0.27513		0.2831525783912965		65.59185983827493	1.0336453914642334			
A0A8S5MUX8	MTRDGATCPARTCKRRRRMNAPVPRCRYRGVGVRPSEGLTGRL	43		51.766507462686576	0.19156		0.5209601929078673		65.592	1.0037248134613037			
A0A8E5NQ99	MTCDHKKIERELLEGLGNSVPNIFSSTRSLSNQKECKTCGRMFKIELRILRSIGTPRESFDWDSYDSF	68		61.354065335753184	0.32724		0.3394127534084614		65.59210526315789	1.004709243774414			
A0A6N1NNM1	MSVFFNFYLINHFIKQLIKVHSVGIEPTSPISEGVLPLNYKRRGNSPDGLAV	52		64.82111380145278	0.34904		0.5247272174213485		65.59234866828088	1.020298719406128			
A0A7S9SNP4	MVSPFCCHHKGASIAVTSANKDPSLSINNVSILFTSR	37		51.79842490842491	0.26134		0.3047779048102044		65.59241758241758	1.006706953048706			
A4UDG8	MNYWYLAAALVTGIYFLIALFAFVLAYQRWCRPKVEVSVIRLLEEGDSDSGIFEDAEDEPNGDGHHAFANPAFEQ	75		62.700431893687714	0.36955		0.6118945362486384		65.59277408637874	1.0405747890472412			
A0A8S5QIX1	MIYFFIFKPNKHNIPYLIRRMYSRKCTYSCNS	32		69.60386524822695	0.54514		0.6207862960160755		65.59301418439716	1.0017271041870115			
Q8JKU3	MCKLRLPNNNKTAHTHTCIYRCPTRTHYHCYYPQMHMCVYNKNILPSTCRAR	52		60.46400921658986	0.24272		0.2825471084670563		65.59354838709677	1.0107135772705078			
A0A286N2Q4	MRINFIKEKNKPLHADNIRLGGYGEPIQSIETRKTEC	37		49.759033333333335	0.24482		0.4800168156785804		65.59363333333333	0.9877467155456544			
A0A8S0HY23	MYRNHRRSTDPCSLLWGSDDRGYIRLRGAQYLLEIDTSSPFS	42		51.1485549132948	0.21465		0.4177675070115169		65.59372832369942	0.998873233795166			
L7TGM1	MYDTIVLESVAETLVEQQDNPMSLLEDLNAVVSEHEDTPREFRRFQLVLELDADDLDTVMGRVEQLTDTDER	72		66.54187285223367	0.33765		0.4544854679104627		65.59372852233678	1.040571689605713			
A0A7T5UG84	MQPLGGLLIFVIAFVVAYLLLNSIIPASNSCVIRVTGESATVNSCGTSEELAVVIRALGEALRSS	65		66.29297872340426	0.54397		0.5075921491888918		65.59412765957447	1.017463207244873			
A0A8S5QPL2	MKFLDNLVRKYANTAGKAVSAGVKQDIKAGFAEALPTIIGLGTIVVGILACNGKAGTKTASKSALRTVTVITNNYFLDAAMKEDVISKMIK	91		67.57730134932534	0.34411		0.5984205789212583		65.59434782608696	1.0106611251831057			
A0A0F7L9V8	MSVRLWRLTSRSLGISGWRWMTTDTSRRGTAEAGTRGRSLRAPQAQGSRMAARERLT	57		63.94792873051225	0.35942		0.6225744918000907		65.59550111358575	1.0107378959655762			
A0A088FV03	MRLMPKRFDLVLATDYTLSMMCAVFDARRRYAERHDERGRVAVFSAGKLLIVWDRDSARG	60		61.37091836734694	0.37432		0.3522223008844137		65.59557142857143	1.0087532997131348			
Q5ZQZ4	MQLSVSTVEDAHRLLGDPHQVETNQAGEQLLIWQYVRSDATSGFASVDVKTSQQLAALVFSPSGRLLRVGRLINTPAPLAAPSAPHSTTGSDHALQTRESVQEQLDELNQMQLPYQEYQRRYREITGQ	128		69.12980019980019	0.28243		0.3031193403273061		65.59568431568431	1.236987829208374			
A0A8S5Q084	MIFLISFRILLPVDPFLFSRSQISSILFLNLKYSEVSIVFTSSIQL	46		85.90734042553191	0.57605		0.6439785666749014		65.59585106382978	0.8668959140777588			
A0A481TPF3	MTLSAPSRPTTTSCRWAVMRGRRVACRRITASTGCPKRS	39		51.23050675675675	0.28051		0.3522641834297486		65.59597972972973	1.000537633895874			
A0A6J7WC60	MSAALVQTVLATGTNSTSSVGMSVTVSAGNALIVFVGGGSGQSVSGVSGGSNSYGAQTSTTNTAHAYKVSSFVAVGIAGGTYTVTGTFSGATNYPWIMCVEVSGADTAGPYGSVYSPSPSSTANDGIETTSSTNTRKGLMFGLIFGADSSTAGTSFVVDTFGTDMGLPGTGYVEDWATECRYLSSTGSVIPATWKNTNSANNIAAIMQMLYDTVAAASASPNYYQRLLRNTNV	233		72.50332324455205	0.82133		0.715445377292696		65.59703389830507	3.175556898117065			
A0A8S5Q742	MSTTTTTTTTTTTELETIRTLHSCTHALEAIINDPTNHTAQERADAETALQTALNTANTQRLERLFTECDDAENPLQALLTNKSWSPYMARRTTDRATRRISYSIMTRRARVNLLDYLKHAELNGVTLPTSVDVLRNLLEAACNTLSAYVLSSIQQDELSSVSVSNVKAGLYNFVSKLGIAGLKVRNTDVRFLSMAVTRARDLGELAEITPAHLVPYLMDLVYVQTEELQYNFAAKEDKKAKK	243		41.29456556082148	0.22545		0.3031409326237126		65.59709847288048	3.577650547027588			
A0A6J5N2Q4	MLFKRKAKPLPPSKPTMVCVTSSANSFPYLTFNEIAENMNHHKELTEYRYTIK	53		59.242764976958526	0.32386		0.5455519962526066		65.59725806451613	1.0117120742797852			
A0A6G5YD80	MKKIKVSFFTCDKKNNVESREIEINDLVPADKIKMVASLVVSKEFPLVSGLTILNKSRQYTAVECGGLPGDVDCLASGY	79		63.936484245439466	0.21482		0.2913128182594376		65.59728026533998	1.003772497177124			
A0A059TAP6	MSTFREDVVIIPVTQSGNDSHVASNMAINTVRGRLLSLRENVYDWEFNTKVIN	53		52.91555555555555	0.34498		0.5672480596353561		65.59732860520094	1.004734992980957			
A0A192GQ75	MEEVDDCAGLNSEAGALTAGALTAGALTAGALTAGALTAGALTAGALTAGALTAGELLEH	60		68.19284210526315	0.40759		0.5768203600450119		65.59742105263157	1.0018079280853271			
A0A8S0I7T3	MRVRLFDKACKKGQFQTAAQILDSLGKVVGGSGGDCGKIN	40		48.29659793814433	0.28224		0.5407556588466683		65.59745704467355	0.9897823333740234			
A0A482MJM7	MYCKIQNEPLSEIIPYWQVTPRHSERGKEGSTWDISR	37		49.97700964630225	0.19673		0.5194161881661882		65.59774919614148	1.0087323188781738			
A0A8S5REM0	MTSLIEQQFLTEIRTYDGEKYFAKISVEDFQTIYNENEIISLSHHDNKRIKRANIKSF	58		61.187428571428576	0.30789		0.3110219003272056		65.59879591836734	1.0037362575531006			
A0A514CT39	MKVRHLKPSSMYRSYARSLTRHGWTHDTSITRLSDQAMEHLHAMNDILRTVGESPTFTFENSFRMLQTSLGAENG	75		61.52153973509934	0.33042		0.3604528484386348		65.59882450331126	1.1927714347839355			
A0A6G5YAZ4	MAESLAQRLQRIAREKAASAAGGASAPVAQPTQVTKAQITEEVSDVTQDGLAQIQGESSDAGSSTKVGGEAGAVISNDVQCAEVRAESHSNTSSEVESNNSLVSVIEHSDSLPIVASVVTAEPSTHPLAMAFAELEAGLLARDPEFKTKLRDIHRHLGREPELVTQMTEAEIALIVTGMVVFANAEIVEPAAKKAQKSAVKAASKVVISADDL	213		46.08645806451614	0.19904		0.4304852732990933		65.59911612903227	3.0666635036468506			
D6PFX4	MCVIALSPRDVRVDKSTLEDMWDCNNDGGGISFIDELIPYVPISQWIKRFHRIALRTIDKYYRTSPILIHCRIATHGSVCIENNHPFHVDNHTVMAHNGIIDCVEVPENSNLSDTRMFINTWLRYLRPTWLDDVSMREYVGEIIGWSKLAFITTNQNLRESYYIINEDDGKWIDGTWFSNTNHCAIPDSVINYQTGNYHYYDMYDGNDLGYVSVGDHVHSHVRELSDYTSIATKEFKSLSYDDFCDLYVGEFGDNPDISHTQWNSYCKSKSSLTATHLPSACVAVIKRSFADRRTLRVALLSLIKKCFTFFFISNDEPHKCGTFLIRDIYRSHVNVAHIVS	341		25.116427541456385	0.23993		0.3491548580234884		65.59948810382119	7.399035453796387			
A0A386KQX5	MSKRTPAAQPAASQTAPPAAAAVDPDVVEEDKVEEPQELPEYEPSDDDGLTPIEDAGPDDFLEVDPDDEEWALHGNDLDTLEEIIDDEVSSPEAVKAAEDAEAAESEEESK	111		73.43805755395682	0.21958		0.4762556558512441		65.59967625899282	0.9844975471496582			
A0A6C0PJ72	MNLVSSPLLSAGSGVVAGGCRCRTGKDGEIQ	31		68.49947619047617	0.20737		0.468932411674347		65.60009523809524	1.009986162185669			
A0A345AVF7	MRELVATWENDIDKGRALSLAEGMEKAAAANENLEFL	37		50.60052447552447	0.32895		0.4867758298852035		65.6001048951049	1.00276517868042			
G3DFB3	ESDGDQEDLAALMEVGHLVPWNIDDL	26		57.51189054726368	0.49019		0.7415013909313148		65.90402985074627				
A0A6J5QJI8	MSHQQVQRYPERMISGEVVAAKTDILNRWTGAILRSSETADTIAAAGGLRGDQPTHYAPCPLITDLPKAPHA	72		63.9294128440367	0.31923		0.4973621688328027		66.01159633027522	1.0429022312164309			
A0A8S0I399	MKEEEIHPDDNALSPEELEKVAQLSREWDERMKEEALPEGSSYGITKGSGTPSGTYGSICKGTKNAERCYGI	72		64.50674502712477	0.32473		0.561755704309905		66.01233273056059	1.008777141571045			
A0A481YV50	MKIPWKEALLLMLLVGVSVSLSDLKLKPKYNQMITRYPSIRFLIIFITAFLLFTLDIGGQYSITTRLLVSVVVAYIIQAFIARSTMLTLLPPSEEK	96		64.32058670143415	0.36703		0.369531708164027		66.01311603650586	1.0247406959533691			
A0A8S5NJS2	MYRKLYLLLILKRIYFLQAIKNRLFGRLCRFCVVFRFGGREKSPHDAGGLNCEVLCLIRRVSGKSFVQMGA	71		58.30751295336788	0.46804		0.5426487982852112		66.01317789291883	0.9947433471679688			
A0A218L3Q5	MSDQVVPDVPTFTALASVKGGSKDAFWQSNQNWKKELESREGHPHGHPLNPKDGFWNWYRKYQFVNNLNDKGQPRVSKKPRISKKKAEATVQVQFSSATIILDQAIRSTEETIRNLRLLTELLKNTTYSTVSSPNTLKQKKKYVRSPIKRIQKELKNFGTTVELENKSSRETSPILDHFLAQPDS	185		47.12160213618158	0.28757		0.4872566418733708		66.01340453938585	2.2107603549957275			
UPI001CE63604	MSRSTRADLVRDAQKFHLDGKDYTIGAIMTEAKSRGVQIHFATVYARLRKGMTTMDDVLNPPLKVRQQASKQARDREKAEMAAFLATIPKKRYF	94		66.11392287234042	0.34756		0.3991439114273244		66.01382978723404	1.0184109210968018			
A0A8S5UAW5	TVLRLCSISARTATWPKTSSMTSAISWIARSDILKPITPNTGYRLFQHILRGE	53		60.56522781774581	0.39096		0.6473610645760379		66.01390887290167	1.0187420845031738			
A0A8D4GM33	MNLNCSQKVFYVEAFYDIWRVLNNRIELLSPGYKAGVIATILIEHASYLYDAGNQINFKLVYGTLTK	67		65.19018382352941	0.30186		0.3449031446410814		66.01397058823531	1.040771722793579			
A0A1S5XYV9	MQEFLEKRETVSWFLNGPESAPQKEKFEKELIIHKESFGEFCVFFWKVLPNGEKTRCFSTFEDSNFIRTESYGCKNGLPHGRLLEHTTIKKTGKTYLSGEAEFVDGKPHGELWSWSSSGILWKRDTFSKGKYIGSSQPLSEFLVSRGKGKVHTLQRTLNLQFVGKKEKNIPS	172		65.14647605432451	0.23523		0.2568682245040113		66.01420300214438	2.008740901947021			
A0A514A2R5	MVNAYLVVKGENKTCNNCKVEVIDKSEVDDKLLIKNQSNQFKGWLKKPKK	50		55.76174129353234	0.24556		0.5130527938049223		66.01430348258707	1.0038244724273682			
A0A8S5UU93	MRSDAICCGYPTRKTRLRGLAIHASVQNGVFMYRGKKHYILAIFFAEMY	49		54.78418136020151	0.36057		0.5852424068546044		66.01453400503779	0.9857206344604492			
A0A8S5R0S1	MWLVIYISLKHCSPYTGYRIICFIICNVTK	30		66.77172690763052	0.29768		0.4552673296661829		66.02361445783131	1.0037667751312256			
A0A8S5VM00	MRNKTSTADRGAGINTAEHRGTARYTKRQPAISVRTIQGKKRCGLALPATGETGTA	56		59.96046004842614	0.19503		0.4816884256616399		66.0240435835351	0.9866495132446288			
A0A5P9JTN5	MEGGDVEEENASGDFLRPSNEREGGRPAPPPSASRQKVGGVLFLGGVFISPIPSIYLE	58		61.810534883720926	0.217		0.4604233436004881		66.02416279069769	1.009753942489624			
A0A6B9J4U9	MLTYWKITFTVALAVVMFGALANFYQNRMQLVNYTLKWSRQHQGFRLARDLSTLLFMAMVVIGMAFEVLV	70		62.39811518324608	0.67087		0.5510577332877744		66.0244502617801	1.0257863998413086			
A0A7G5M348	MKKLAGKEFLFFRFSLEPEPPPGKRRRLEEKMQSAAKPTYANFDKALWSEYKELKDSIANIKNPDRGAQNAERYLAAVAKLKAMNANPYEYKMLLKPVKYQIAHLLKHIPMEHFLKEQGWGNWVALKHFMVGKRAHHKGRRARFGISAKRWKGYRGGSHGPGLRRQWKSQQHRKYYGRRGKSYSAPYVVGRYRRPWRRFPRYSMY	205		52.29997682502898	0.2457		0.4419703483141677		66.02448435689455	2.7218120098114014			
A0A2I7S8R5	MMKSDASKPRHRPNATNDTCDACDAYDARDAYDDCIGVHEVVDGINIVIRCVLSIVVFCVAGIVGGMILGLMVF	74		65.75623636363635	0.42505		0.538902575642253		66.02450909090909	1.0497393608093262			
A0A6J5RYJ3	MTQAPSKTFTINYTSGKKMNIKDLTDGEYVLYEDHVEEITKFKHKIRDTYNLVYVLEKEIRDFMKINGMEDML	73		58.40014778325124	0.39739		0.4157604893065792		66.02490968801314	1.0087811946868896			
Q87088	MVSSAGLSLTLVAALCALVAPALSSIVSTEGPLPLLREESRINFWNAACAARGVPVDQPTAAAVTFYICLLAVLVVALGYATRTCTRMLHASPAGRRV	98		67.97284908321579	0.5688		0.477957875433966		66.02513399153737	1.0819027423858645			
A0A142IF88	MYDDWTLCFNGSSGCTCFGNCSLMIEGLMLIQITLIREKKRVEVSRQNKVFTSGHVYDMTHFRQIEKRFKAWDSLGWPYIVKE	83		62.43407894736841	0.30231		0.2976658373588919		66.0252923976608	1.0118253231048584			
A0A8E6NY72	MNNINLRWVTNITTDPQMAFPSFDYYESLRLYNEFLKDKYNRFIGVYKYETNCDQSV	57		63.35739307535641	0.5004		0.4535325208533524		66.0255600814664	1.01566481590271			
A0A8S5S6B2	MFYSIVLKSPPYTCNFFTKLYNRCQKGGVFLRN	33		58.54271739130435	0.36276		0.5012059671521822		66.02561594202898	1.0026092529296875			
A0A1X9I9K7	MAKNLLLYDKYNKVINTTMDVKGTTGYITIENLIPDTDYPEGEFYVGWEVEGKILPKATVPEFTTLRQMREKLVIVYFSDLTEQQLVDIKGDSAYKVALDNGFNGTQKEWLESLKGEQGEQGEPGKPGRDGVDITEGGSAYEIALAEGFQGTREEWLESLKGEPGEPGEKVTQVKMVLV	179		76.77109764789736	0.36898		0.726327553696096		66.02595866001427	2.133772850036621			
A0A0F7L6I5	MTRTDTPAPSTWAPRRVATRTSSAGLTLGPWSPSSARWSSRKPPSSSRTATTRTTMA	57		69.40165887850468	0.17532		0.4864539821776664		66.02600467289719	1.011780023574829			
UPI00003CEC39	MTQPEKTVVRPGVDKYQKTRTAKGNTSLHSGDVVAVGLAPLVLSEVYAVAAEMMGVDVDTLVAKYQHLNEGMQRMNLGNRIRGAIAALDKGNAKEVERVTKANEKLLVMHMKEVDKLTAEFNAKIAKAEDPASIPPLKTPEKPQLAEVPELVTGKGEEIFNTVVDKFASAVNAREEAIKAEKERKAKEAAEKAAAKEAEAKAKAEAKAKAKADAETTGGDEDGSGADNNA	230		68.87522448979593	0.29991		0.4405548293433725		66.02646064139941	3.20580792427063			
A0A8S5LE25	MGCGRTHSVCSHTRKRNGTQSGILFLFFRSFNHGGAVVLFIF	42		50.37580547112462	0.39102		0.4835666279277105		66.02705167173252	0.995704174041748			
A0A6G5YEE8	MAGQHGNRVGRRNSAPNMTGGSQYASMYMYGSLLAVANAECNPGTRRVEDMRGNQIWPEKPRVLN	65		64.65616465863454	0.37835		0.4046425855877949		66.02706827309237	1.0317485332489014			
A0A6B9L8U4	MANEGKVIIDDDVLPIVISPNKRRALHTRLQQGTSWIDLSPKALNDLVAELTEIRDQKA	59		75.86362850971922	0.51185		0.5757197345048964		66.02717062634989	0.8639836311340332			
W6B190	MQKRIIDRFGSTSDADVPATVGVPAGAPATSTAAIAPLPDVNYKVTSVLEDDEYLYFPPEDSQFLINIGAEADDTARRLTKLQEYTTGLLTAIKQLNNLKVNPPTGSTK	109		70.5030218446602	0.41445		0.4624533610381779		66.02739077669904	0.9506938457489014			
A0A811BR49	MLVSMRAINRATLGVGPAWVARPPRGDQLARHAIYFGRCRLVRSAARPQRAAALRAPSRKQSAWEKKKFFERIVERTRQSASMRTATNRRAALVYTCACLRQRRWLRR	108		68.26101366742597	0.42701		0.5024056193577703		66.02773348519362	1.0408546924591064			
A0A1P8VIU6	MDRIEILAAIYETFYLVCVILLALQCFILMFCNPNCRVKMLGIGMYVSYFFLLTTLLVKSGLVSGKIEPTVTKCIIVTSTNAFLEYFSVWCFVFATLQKMKIYSTKSHKSTKNNSELFNGFGFILCLFTGFQFSKILVTLCNNPHVDASCKPYTLPLEESWEMSIFTVYVPALIIFAGLYICSNKLDSTMFSDILELICFLFFFEMITRLPILVIRSVYRGTPTEQDFMISCEVLYLMRHIYYPIAMFSITCSDWRNTFHLFFKMIAKCFNKAPLTTTKIKYFEDIKAITHAPIEHLKKMAQEA	304		40.98253549695741	0.27801		0.3156305074993004		66.02806896551724	6.168920040130615			
A0A8S5SWW5	MEFHRTNLSKKPNDTAPATGGLFKRLETVA	30		71.4738626609442	0.24261		0.4533330327080326		66.02836909871245	0.919797658920288			
Q2VSJ1	MANSPGQLFWGVTPDGTPVQFSSFYYLLPEGVDTDQSLLQQSAENSLMDASPSPPPDISSSGMDLSVNKSPKASSRTLAKWNKRRRTLECAQTLAEMGEGYFEPPEPCPTSPVQNLDPDPLRPNCIQSLSDYEDLQRSIEQTVKQFEHADKDEPPPFVPRGPRLKRKSTEHYLHQMKQCTNKDELQKWKSRLQAKMFRDKVSRKIVQSLQEIKEKDAEIDKLKNKNLDLLTENSQLKSIILDLESKLQGRRLASPP	256		41.12939185875428	0.20537		0.5215914631547209		66.02857282981854	4.2697296142578125			
A0A6J5Q7F1	MERKIKTYHQYINESTKEVVYPTNFKGMVQSALGGLYTSIMAIARELANEKAARNPSRYDGNVQEVDITRAMNMIFHSDWKKMIKSQALGQVMKHSMERAGKQDDVIAKKNQRAIGRSMGDREFNVDVNKSSVRFSDERGGGTGSNQ	147		67.20074137931034	0.40594		0.4159979647121704		66.02878448275862	1.683715581893921			
A0A858NLV0	MNKLFQYRKRPALVSGSPRSDRLNERGEYVPDPKPHPDLLANPFPIPLAEQVRNLERHSMLVRKASLLDRLADDDFGDGWFDDMNEPLTNHELAALAPYQAGTPTAKTPIPLADVSGDQNAPSQSSGVQSAPTGQ	135		57.895723873442	0.25677		0.459383494297495		66.0293288590604	1.5126838684082031			
A0A8F3I0H6	LKSLFGNDL	9		61.69757142857143	0.52155		0.8660714285714286		66.36685714285714				
A0A7D6C9D1	LGGCRHKLVCAPAPCNFFTSA	21		55.049536423841054					66.39953642384106				
A0A6J5KWS1	MFKHNSTDLCDHCHKETPYYLLTMIGSGEAVCIDCLQYVEDEHDHANDEDFED	53		44.445128205128206	0.38297		0.4754692653685401		67.25776223776224	0.9629027843475342			
B0FYA1	ERDTSTLQSTVLDTTTSKHTTPQQSLHSTTPENTPNFTQTPTASEPSTSNSTQEAQSYA	59		48.80432735426009	0.27521		0.7268995952258664		67.25899103139012	0.9713122844696044			
A0A191SAS1	MPLINCCYQLTKNEYEFVDNLVLMLQEDNKSYVVRMMIDYISKHDPLLIHRIGEKFVKPNSSRKYKVNVGIDRKKLESFEQKLLSYPCSRHRYLLVVAIIIFQEMEKQRIYEIYDNYTEKIRVRSSKS	128		77.43214022140222	0.34704		0.4561872756077615		67.27521217712177	1.1092936992645264	A		
A0A6J5L5R8	MYVNNWTLPKPPDELLSKCHEVLLGDPKFKMFQMKKWCLENDLSIVWWEIRDVSDHSYTYDEIAAFYFIEEADATVFTLKYK	82		72.47691535150646	0.83438		0.8805315505320931		67.27655667144907	0.8893601894378662			
A0A1X9I884	MDWKDIGSKIGAAAPALGSLLGGPAGAAVGAIVATALGSKADPASVASALDANPEALARLAELQSAERVRLQELAIQAEQNRLQSEQNQLQAELSQFAAEAADRDSARRLAAQQNDFVRPAITFALLTGSILIIIAIFTFGREALMDPTSSVAIGTIIGIPDRSILGDAAAHCRLDGRSVFRTFLAPEGRI	191		35.50236220472441	0.29907		0.557614534851598		67.27709377236935	2.344794750213623			
A0A858NPT2	MSILAGVAAGLSGLETIANVGMSLLNLDYQKELQRDIFRREDNSIQRRVADLRAAGLSPVLAAGQGAGTGGIVSTRPPESNMSLAADMYAKMITMEKDFAVKDQRIQNLQQQVENLKEDIHVKRSTVELNQYKKNQLLAQTVKTMKETQGQIIRNGQEALTYKLMRSSGTGRDAGAFGKGVRDLNGVLNKNVENLIDLLK	200		78.47795691906005	0.45943		0.8417971756654766		67.28253263707572	2.437472343444824			
A0A4Y5P1T5	MKGQLICDYKVDRWVTRQWVTRFIQVRMVKRFYGRLRRTEGTFVDVDLD	49		32.58126463700234	0.48764		0.7689563957188112		67.28320843091335	0.9564471244812012			
A0A6B7KHA9	MIKSFSWKTICVIRFRRKQLASSRFKSKTNYIIILVLDLCFHRGSWTKAKIMY	53		57.89902222222221	0.43831		0.7513935192806622		67.28702222222223	0.9609255790710448			
A0A7G9V4U5	MSNVRPRDVDALIVKYKHLLSAVYNEQKGRFDHKSDKSAPKGESPKGNLNYTKDQLALIKPKSSQDELMSYILYQFILLVKEYDPQSGVDFPGYIKTKLYLRTRHSYIKKLFAHKGKEELEDMNQDDYAGPGHVDNVAYQRIQYITGANDLTSDLATTGLEHAIMASWMEGNTGRKESFDYAKGITKCNQVEFDNAYTKLEGRLYERAKELNLINKD	217		73.78775812892185	0.55729		0.7481204281039289		67.28743867655449	2.808316469192505			
A0A8S0HVA2	MGWFIYLQVHTLMGTVYTRLIQKFHVKVPNDAVIQAVSVFAVGFADHLLPLAGGDQSITNSNSNFGSCALRAKGFKSPHSLRIKQEITHVIPQKLAVVHICSVVIHLQLLRTIRLYSNPANIIMA	125		68.67580512820513	0.23847		0.3081222157420105		67.28964102564102	0.153959035873413			
A7K890	MKRDGERARTLLPMAGAIFFPLGPRTTRPPRGPLKMMRPRASFFPIGVYLDLGGIDIHYTNIFIQALVFLSSSFFSTLTKVALLVLVMVTGLPAIVTVLGVASLTMVPL	109		36.11562350119904	0.23855		0.4852916419440152		67.2928417266187	1.015094757080078	A		
A0A5P8D706	MLTPPEALNDNKEPVPVLFKERGSLSNKLQVGRMTMKELYSDKEQVFVTAYGREVVCLRRDFAIAAVDLPLPTDVCIVCDIDGVLNYIGTRTSTDQRERLILKSGHSIQWTQIEKIVDAKPDVLMFRMLEMWAAEGKTIIFLTARGESQRIVTERFLKQNLECDFILFMRGYSANDMTAYDLKAQMIQSCIMPYYKVERFIDDDTRNINAVRAVTSGVEFLHVIR	225		74.01174225663716	0.7092		0.7934259751881897		67.29487831858408	3.009806871414185			
A0A516LKT4	MLFFPFGVTDNDVADPQKIANEFQEANRVASNTTQHQFNANAFEHANMAANSNVIVETASQNVTLQVTNSAGPVLAAASNANLFQIPYAQGLQEIPIDGDSWPHWTSTYPELVFVCFSFQFARAITFSYDIRVQIKLSIDGSIVEGAGPSALQTDAKNPMFGSGIGNPSAASSISTIAILPAGAHRIVPMAAQMSTNTVVPQTTTDDGWFGLQPLVTLDSPPVDEVAIGNRSMIVLRFPRGGALEG	246		64.79671722643553	0.09976		0.1950325973352212		67.2994474539545	3.602015256881714			
A0A649VRE6	MEPKATLLDLTGQLVAALRSMPGGEHIVTELDAAYTPSTGIMTTLRATSSPASRLTRRVHSVEVTLVTFAPTRAEAWEPHHRAVALILDNDRISPSLRVSSPRQTTEATPIPGGGGPQWPGLMSRLSLTIREEITK	136		75.37478134110788	0.57275		0.5114361738222198		67.29983479105928	1.3713314533233645			
E5EYX1	MSFSFEEFGQIVNQDFQRSNMFSVVFATTPLSRADQLMSQYSNISYVDELSSTEFSWARPERKQSLIDRLGIKLPRLSKQSNSTQVSKYLIGAMTERVVQSLLGEFNVGTNLLEFFDMNNTKDSGLLAYAVKLPENRLNHEMDITHNAPSVKIIGREFDVLTISFRMAPDALNYIAFNDWVNSVEDPVTGLKALPIDVEADIQVNLHNRRGLPHTTAMLSGCIPISVGSPDLSYENDNQITTFDVTFAYRTMQIGQIKQADAEAWVATGGFNPFETPNRLTI	282		27.46017496635262	0.19466		0.3135802731669111		67.30286227007626	5.199439287185669			
A0A8F2IGT1	MALKMNTPKGIVSIHPSKLHPNNYNPNVMDDAKFEMLVEDIGNEELLDQPIVVRPHPEIEGEFIIVDGEHRWRVASGHGFSEVPIVVKDWSENEAKMHTVRRNIVHGVMDKGKFSSLMRSLQDSTGMETSEIRKRMGFASEKELARIYRVAKIDRVSMPKYENEEEKQKKLAKSVQNVSTIVRSIIEEYGDSVTNGIFMFTHSGKPVLSFAVSKQTRPLLEQLGDFCDEDLTPDEAQTMMHNILEAMVEGVANGS	255		71.68729166666668	0.60266		0.8276023880820849		67.30312996031745	3.746568918228149			
A0A088C4R2	MKMTPVTSSNIASIGYDLVCTELVVQFKNGKTFYYLEVSPEEHAALMAAESAGKHFNQFIKAVKVGHEVVIAITDDINTDDELAAENKSIFKSVADENFKSMKSAIQQCGVKDKVIAEQAEDIKLLREALQDVLWKSSTSRNDAIHIIVTEALEATKDGE	160		70.47323076923077	0.47478		0.6901707215716328		67.30368421052631	1.6418159008026123			
A0A6J5QLQ3	MEQEFVDRRTEQWHVGKEIPLALMFTLVIQTGGMVWWAATLSQKVDNLNERVAALSLSQFTSIEARGLVAMNGAKQGEQDRRLTTVEERLRELEARLRK	99		74.36791979949875	0.42939		0.6682735357623557		67.30622807017544	0.8960528373718262			
A0A6H1NPD6	MHLITVTMFICAAMSLIAGAGLIAESQPVVAAPAFGFTIAFMKAAQYFNKQPD	53		77.7823273657289	0.75185		0.7308981544881441		67.30710997442453	0.8577384948730469			
E7ELM9	GTPHLQGFVNFKNKRRLSSVKRLPGFGRARLEPARGSHKEASEYCKKEGDYPEIGEDSSSGTRSDLQAAARILTETSGNLTEVAEK	86		75.06241691842901	0.67981		0.84217920499133		67.31747734138972	0.8950526714324951			
A0A1L3KGV9	MGMSNTSSSPNMQGQRDGSTRVRHREFITNVGAEFGFDTKLYTTGINPGDGKTFPWLSQLAKGYERYHVNSMRFEYEPFSATTTSGTVSLLVDYDPTDPGPRSKSELLNSYRAVRSSIWMSSHTILSKAELDRDDHLFVRTTSRDLMSENLKLYDVGTLFCAFTDIADVSTLHGELWVSYDITLMIPSFHLSSINNAEVNALIVTDSRYLGRIDPDSTANEKGSSLSYSTHQIDDNAYIEFNEPFSGMVQVSTRTVSGDLFQIEPTLSPAAPISRLAKIGNAVSYFVSNIDTWLHTVEVVADAGERLAWRIVDQTAAWAGSLDLLFTEYAPALMGTLLALRTDEAELTARLQSDHLIGRLPAPSSWTDWRTQHGIPNSTTTETH	384		25.393747088186352	0.20973		0.2628519263848015		67.31870216306157	9.37636399269104			
A0A7S6R700	MATPTVVATGNGTTKAFDLTFPYLRKEHVKVYVNGDLKPFTWLNSTRINITTAPASGTTITIRRETPEVPLSTLVNNKPISAEIYMELLLQAIYFAQERPGVAGMQGPTGPAGPQGERGIQGIQGIQGPVGPIGPAGPQGVQGIKGDTGSQGPVGPQGAQGLRGLTGATGAQGVQGPQGTVGPQGSVGPQGVKGDKGDKGDKGDTGADGRSFTVQATGTLAERDAFNGELAGFSYLATDTGNLYIRQGSAGWSDPIPFGKGDKGDKGEKGDQGIQGEIGPEGPQGPLGSEGPQGVQGIQGPKGEQGETGPQGPQGLKGDVGPAGPTDFNLLTNKPSTFPPSAHDHNSTYYTKSEIDAKLALLAPKANPSFTGTLTCAAIDASGAITAEGNISAYT	395		69.90113394755492	0.27034		0.7634103302777323		67.31890857547839	0.4965312480926513			
A0A6J5R505	MPFALTFEKTGLKALDKRIQNMKYTLLEQAQYRAMTKIKNIVAKELKSEWKGAPYKRQGKNLHRNAIVDGVFSIINRKANGIITSSIGVRRKTKYTYVVNILNPGFTTSKGAKIAGLKIHEKVFLIAQRESALFEKYLEDSALKMLNGK	149		71.27396638655462	0.74039		0.7549506161785091		67.32093277310925	1.5487418174743652			
A0A481YUW9	MIAKKTRAILNRIAEANRVELLSKFAGVMREVQSAPQLAEVVNVVLTYATREVAGHAITDHLVANCASVCAEVWGVTVAGDRSTIPATFRQQLTAKLSADFRALLAQAVAGTLGDGEKTRLLHVAKFLGALHAKNCISGAALTAHVQAALDFLRVDVNVDVVAVVHEMAPVAAPLLGPTARTQLAGLVADERRRAALADLTGQIGRDPAAVVIDLLPLNGATWMETLLLNINAVLAKTPHSPRPDPATAPGLRGGARYAGCRSHT	265		73.78980051150894	0.74206		0.8208516580843981		67.32519181585678	4.558110237121582			
A0A5B8X9Y5	MSSRLDLDKLKHESIFSENIIEDAKEFIFGSRKIYTDSVDDLIELYSLAKYLNNQNLKDAVIERMDYVCEYIGKDNWSTIYSFYKENGLCNSFLRRYINNNIRDM	105		75.74780681818183					67.34395454545454				
A0A345MR18	MEKRELGRPDEGAAQQTRAARHRNRPRKAGEGAAQPGTPPLPSGERLLQHNGRDRHRTRNGNGEHRHPTPQTLWRDEVTKTKTPGIAWRAAYDSERDELEGQLAATTNNEPSLTQQSFKDDADINVLVRRFGLDNMPIPPYADDPSYYGDFTNVPDLRTALELVRDAENRFMDLDAKLRAKFDNNPAKLWHWINDPDNGPEAVRLGLLRAPEPPAEKAGETPPAKDTP	228		70.36489208633093	0.305		0.8379441843881288		67.34576092971777	43.97962594032288			
A0A0F7LZI1	MATIVTTTKRISNNSGNNFSTRNRRTPKVTVQSVSSRHIVGKNYPMVQGPRRRGRNRPRKSGSQVAYSAMPKTTLSGVDIIGVIEVQPQRAVGASLFAQAICPTAMSDSRLQQQSKLYSRWRPKKLRVLVVGSGSANTFGSLAIGWSPDPANNISGNDTQNLNRVMACRPSSMNRMNQTTVLN	183		70.67996426018586					67.35705503931379				
A0A3S7URS1	MEELCLIAGPVASLVVQALKRFPVVQRYPKVVLAALTGAYVLVQGTGWECWVAAFASGIAGYEVVIKPVAKKE	73		70.70256830601093	0.53673		0.6503167114938097		67.35918032786886	0.8925321102142334			
Q9YMR5	MCSQTKTTNNSLPRHFVFIRRALGGRPAAPNPTRRFAVRPVVKHLRFIFNKLS	53		46.93460465116279	0.34535		0.7681932642982866		67.35979069767441	19.79053258895874			
A0A3G4ZK49	MNNQLKRRNSDDVRCCYGPPGPRGLKGDPGNPGATGPAGVNGSGYAEFVQLTQGSNSSVPNNTAFMISNEVINTLGITQNAAPRHGTSFFVPIGTYVIDFETIPDFAEGGRPLSNYISMCISTSPDNLIYTLDDNSLTTTYAESWMQGRHIINFLTPMYLTVCSVAAGNIKVIDGDTGDFVVRITFLKIA	190		72.77335195530726	0.62637		0.6589514364488276		67.36265363128491	2.229876756668091			
A0A8F8KPD1	MYQRYLTIVKEWFAEDLDQLRRKIFIDGCTKDQVIMSSAAPESDVEVIYTVFMQGNKPAHRGTWNPTTDNLLITAMDKWGRLKDKVRRFWHLIASCVPPMCSKQCRERWNNQLDPKLDKSEWTKEDEARLFQLVDEFGHSWSLIQRNYYPTRSSNFVKNQYYRIIRQGLPKKKKRSKRDTRSKDSDPEYSEGENDDIEMDIFSDVEEDSHSGSAPSSSHSSTTERKYATRSGSKPVKKFEARTESIEEQSPQPSPQKRKLTAPLIDEDPRPQKRQRVTIDDPMFCSIINEELQGLEKSFLDITIDINPSFNMTLITTNYIDLTAC	325		27.29587837837838	0.2174		0.4347652134119069		67.38323198198198	6.813057661056519			
A0A6J5SST1	MNIQTERVKIFIQKLREGDLSIGLSSHKMTEIAEKIQISPQLLNKSVNGTRKVKPYELQGFVKEFGMNPDFASGRSEEMFQEGYFSNGNSEYPFITKSNEDKHRLMNEFLDKISPQIKGTFSLEPGVEYNPDSMKVARIVFKINID	146		70.958632115548	0.59043		0.7499258826435349		67.38627017841971	1.6448566913604736			
A0A6G7PRU7	GQPAVMLDDVRRMRYRRHLRASGWLRSVYKVVADRYHSGEFRPGHHHSFVKSYIDSFDELANGKVIRTIVSQSATDYLTDMVLQYDQNKRLSKDPYNLPWAIGMTMSGAGYNTKLSTLPPRQSWVELDASQFDSTMPRWVLHAIAELRAKGFASHEQGAEIRSALHAAYESLRVGYIHELTTGETFRKERGGSTGSASTTANNTLGMQIILRYAICHALNISPEQADSLSTIMNAGDDAIMG	242		78.80196006305833	0.71754		0.6656666827347639		67.39930110352076	3.451845169067383			
A0A8S5N3M8	MYKTGSGALPHRQGPGWKAGAFCVWVVRRA	30		44.6308658008658					67.42242424242424				
A0A6J5KI25	MLSLTPFSLAKASMPGMRHFGIDPDDFQLDTVVGARSSAVATATVPPSASMMSDGVCMPINYDNRNSCASGKVTMSVIDAGIRFSQGRGMVTHEEILAEMIRQLDEKRVSGRGLADLLGIAPARITEMKKGTRRIQQDEMAVLAEFFGLGKPADEASFGNVIWVPVIGLAAAGAWKDAIEVPAFAIPRVKIPNTNQAFAVLVDGDSMNQILPERSYAVVDPDQKRLTNKKVYLIQNGGGETTIKRFREGPARFEPVSTNPEHNVIHMGEHEITVIGRIVAVTSDEGL	287		72.51422385997236	0.43274		0.8297324269173104		67.42554122524183	0.2594561576843261			
A0A0M4JJQ0	MAHSNASLSFLCARFRFPAIERKGRWCQTFDFFCFADVDHSSKLAHQACTMTSQTSSDTARMPRLMEWVEKGHTTFFVDADGTQLCGAFSNMHGRLRQTMDRESAKEALDTEMQRYTRVGINHDLMVQLGALKAMGCRLVLWTNRSECVREATRAQLGHHWDLFEEHLFREGNKRGDRLQGVVIDDDARFASCGLMGFVHVRWSCCHDLSCASSRE	216		61.13473012188044	0.16914		0.2602005629620254		67.43813116656993	2.839872121810913			
A0A6J7WQS0	MPTNYNITTNNAGYGPMFTRQDVTNQSPKEMRTQLHSMIRARGGVCGGKDFEVAYSGSGMTFNVRAGSAYVPSNTSGNGSYYQCMPAQNNVILDTNSTGYSRIDKIYLVISDRDYGTGATDESATLYVQTGTASASPTAPPASALPANYSGYLELAQITVPTGSNPNLVTTGAYSLTSLRAYTTSGTILAVTSGTRPSATSVWPASAAFTGMGIYETDTKSLRFYDGSNWVPSGVRLGNVGTAIVGTPSASTTQFFMQAGTYSGTTNTSGTLATAISFPTAFTGLLTLQVTPVQATSPYNLLLNISSQTATQFNVNVVLAANLTYGTFVNITSATAVKFNWLAIGW	346		73.16150567070787	0.58051		0.6093602477723311		67.43859601095033	0.6184718608856201			
H9TQ68	MGGKWSKRSMGNGWTAVRERETSCTR	26		50.57126829268294					67.60487804878049				
A0A2R4QEU3	ESDGDPEELTLVEMGDYDLGNDNGL	25		55.51705882352943	0.34209		0.7261627567693744		68.74604278074865				
A0A3G5AMC5	MTLDTLSEKIGAAEWSTDGLEGTSKRWVL	29		57.776008968609865	0.31645		0.5804223645691698		68.83183856502242				
Q86776	RNGWECRCSDSSDPLVIATSIIGIL	25		61.10021390374332	0.3427		0.6104199452508275		69.16593582887702				
A0A8S5ND53	MLKTSFLVEPTVEAKVEPTRFCVFSAHFY	29		45.5184388185654					70.40902953586496				
A0A3T0U2A8	MCAKCVSL	8		68.53618181818182	0.4795		0.8077380952380953		70.7609090909091				
A0A4D6DRX2	PSTLLLGASGSGGDDDDPH	19		65.75595238095238	0.11549		0.4799968671679197		70.77642857142855				
A0A8S5LGX9	MLGRFIQFSLDFYGKSMGSFPRLQTEYLP	29		45.82423236514523					71.28941908713693				
A0A1S5R4R3	LSCNDPSSQ	9		57.229375	0.0556		0.4775462962962963		71.88046875				
A0A1I9WHK8	PTSQPRGNPTGPEESKKKVER	21		50.5208024691358					72.3179012345679				
A0A8S5Q1K7	MEVDNLLLILSLAHNRHPLPFLKLLQEIL	29		71.36268907563026					73.85499999999999				
A0A8S5L009	MPPEGGFSLRGFVPYFQGQGSE	22		51.67202380952382					73.94107142857143				
A0A7D5G4S7	MELTSEKVAGKITEITGTGPGSASVGSTP	29		58.142680412371135	0.4782		0.6372377548314347		74.41463917525772				
A0A5B9NKX7	MYSGVEFSRTGVRKMARNQTKKGK	24		49.07895287958115					74.47209424083769				
A0A515KUY8	FGNDHSSQ	8		56.50258064516129					75.03177419354843				
Q5G5Q3	AEGQGTSSFNFPQITLWQRPLVTV	24		51.30682539682539					75.27407407407408				
A0A8B6RKW5	VIFWFSLELQDHNETCHA	18		63.86538961038961					75.41577922077923				
P12481	MGGKWSKSS	9		58.57545454545455	0.32864		0.5619378306878307		75.9339393939394				
A0A8S5R9T4	MKTHKNKVMSKTRAESNRKYTSKQSLYAF	29		45.28265560165975					76.24074688796682				
A0A1B1IP74	MVLAYADDISEEEYNKQRLIAQGKTMAKKKKNKKKNKKKNKGKKKRK	47		70.56680412371134					76.42505154639174				
A0A125RNW7	MSDLKCPHCDEVRPSRSRLSDHMAVAHRNRSPIERAADLADAQLIEDVRLTGNELAEPKQQPQCVCGLPIEPLDDDLDYPMWTHSIPAPKCRDAIPAAGMPTKQDRLDLAERWAEVGEGLDRAGREMAEMRQQMDDVDARLARLNEALTKPSVVRRATLNQVWDKLVDEGHMGAAAIVMRMINRVVD	187		71.78293351610691	0.37369		0.804587611915793		76.42542152159014	2.184346437454224			
A0A516L2M5	MSDENAAEIRHINKNIESMSAAVSNLANSVNELVIQERVRAERDASMDIRVTKVEEKISIHQPHIDWIGGIKKIFDSVLVKWGIPIFCIGILAVAAKAAGIPVFGG	106		80.28257706535142	0.7109		0.9553281718257404		76.42551171393342	0.9011843204498292			
A0A516MEW9	MAINTNEIKWADNSVTDPTTNAPNKVAPTAEFQNDGLKRNEPLARAHVNYMFDKYHEMFTDLQNQLDSLAVSAGSALLEQIFHVGAVYISATSQSPASRFGFGTWERIKGKMIVGVDENDSDYNAAGKTGGSKTHSHSNNITINSAGSHTHTVPRDGWGADQNGGFFARYQDSIEGRLVTGSGDREEGHFQESLAHAANSNDTSTSGSHTHTTSGGINSSSNVSPYIAEYMWVRVA	236		28.405902004454344	0.13449		0.3757953170292609		76.42564587973276	3.411065101623535			
A0A218KSX3	MSISTNFPGIITSLSKALPGVKEPPLNRRTLYGYARVSSRVQHLKVQKDCLMSMGVKEKNIFTDKESGYKEDRKGLKSLCKKMGSGSILFIHATDRLFRHVGHYVKLIYDFNNRGIRIFTYSGQELSFYNEATLITGIQITLAQHERTVISLRTNAPTLERKSGRRKRLYSDKVLRLILEKRNNGQSIRSISRDVDIPSSTLHDLLKNL	209		81.05652562574494	0.64337		0.8354270435129058		76.4260905840286	2.6460983753204346			
A0A3G5A9S4	MTKSTITEFDLRLKKLETQHKLLDKDLKKLQEKLKQHRRKEHKSHKPKRDKNTQPKKAVTPTTPEELSKPDSTEKIPIDKLDEQITQLEKKLAEGLTKLASKK	103		79.69164302600474	0.47655		0.7526643820277787		76.42657210401892	0.9190022945404052			
A0A1V0SGL4	MNLDDYKIIKVLGVGYNGVASLVKKGKKSYVLKQQKIFKRNIIIKNNILELNKKSDLYSELEFFKLIDSLKKSEQKFFVKLIDNKIFDSEVCNYDNLSINKRTFGNNKRDLQAKKYFETLDSSKYCYFTIMEYAGKPLEEFIKSKKIWNFKYGYLIAYQMINICKILFNNNILNGDMHVGNFCLNNKQLKLIDYGSINFINKKHKYYDSFLIKYDLFFSIMTFAINTHIINNDCKFHLNDDIVIKNMDKIYSSKYITNIKNDYLMIIKNANRKYITRISKIINNKPKNIKEAREIGLHFDLLWYVYEPENYLKFWTKYCKIGKNHSKLLKVEDLRYFIDNFHDFDKLIMYFKKKL	355		74.13336324360252	0.72269		0.7256862732034645		76.42658025922233	7.89094614982605			
A0A385E423	MSDKQDTKKTECTHYVIRLDRSSTTTSESIALFLSRQDASIKSYILSKEGNGQTIKYHYHLYIEFYEITKKDTVDKRFKRNFENRGTTSSIAICKDSEKARTYTVKDGDIVQTKGFTKEQLKDYSDRSYQKTKKPDMFNILLAKCKKNNITTEMEIMELVFNAYKGNRMYYSHMKAVVKGLNAVLNPKDEFEHFINYCQ	199		84.73761613691931	0.6724		0.8882679335435898		76.42676039119804	2.475754976272583			
A0A3G4ZU43	MRKEYQTLHVGFQVLRLLFFFLRKRIVTGEIGGGLGFA	38		71.90176848874599	0.72397		0.873225646800378		76.42736334405143	0.8655993938446045			
A0A8S5UQY9	MPSRTGSSRRPGVNLTTISSAHVLSRSRIERLALAAERWKTIPNLDDKYEVSDHGRVRNKNSGRFMTPRYKDGCCIYRMEKPSVHGRERKSNSGAVLVWTAFVGEIPDGHYVQYKDGNRRNLTIENLYLKSNSDFRKEEYKEGRLGFQLAKSDLDSWVFGSCTETEAERKARL	173		79.1271776504298	0.70349		0.9166953868597152		76.42783667621777	1.888073205947876			
A0A0H3UZF1	MGYTRTNHQNALMKLLKEKEMILQIEAARRFNMKSSSSLNSTIEKLEQEGKLKRTKVKMRCKNGNLNDAWLLYLPNIDYNKVLDYEKELVNQPFESPLKEHHCYKKIKNDTTQIQYVKIKEYDFPIIEYKGQRVVTFKEIDKVHQRPEGTAKRNFNANKHRFTLNEDYFEVVGSEIDEVRVMYPVNKHTSKLILLTETGYYLLVKTFTDDFSWEVQKELARAYFKIRNSNQVQGINHLPQIQNMQIFDVMEMMIQQMRQQNERIDKLENKINAIAQVLSK	280		85.67791969243913	0.45561		0.8434128765880711		76.4290388722768	4.990988731384277			
A0A6J7X8H3	MAKQLKEIEKSLYDIYKDIKLTSLLDNDNTLTDVTVFLAYPETEIQQDTIYPAISINLSEMEIDFKMEHALPRTDIEVDYTTTPPTYRTRETSHWYRLRYLIETYALTPQEDRELIRKVENRLNIRDSLIVGDEDYWIFRLSFSTQDIEDTDRIIYHKIFTYEVLADIDNEDTDIIEKGVTQMQYTFKQAKTIANQPVDTLNRPTTVENAVKYTDRTMAFNETQIWFPSN	230		39.12330905306972	0.18708		0.1802175054434077		76.42948491155046	3.2186696529388428			
A0A2I7REV4	MGLQIPSLDPSLTLGLDDETVLRQDGKDVRIQLQLAAILSWAVRWDKQFIGLHTSGITFNDPDEFTVFEGKTYFIKDTSNLPYTSNTNNPSTDSNLTTTVRAKSNHVHDWADVIYPVGASYITFESHNPADFLGGTWELVTGDASLALGDGTTQNTTISGENNPLVPLPEHSHGSGNLFTQEAGNHNHTVDTANSGEFFQYEGGGGNPGVVIPKSTQKTSSSAGNHSHTISGSTANTGTNGVTLDVRGAQLKVNVWRRVA	260		71.53759898477158	0.41316		0.7841727356277326		76.4299695431472	4.40309739112854			
A0A7S6NYP5	MDNTKLQNILTLVDKNNTAFPENDYLDICRSLMDVYNEEIMPENHIAIPLEHPKNNQPRVPGEEDFYAAMSFLRKTGKYDCLYLAKKLKHEQKEVSRYPLKRITNRVERDTRKKLCYDHDIPYDENSIPTIQKINLLLGSSYNLRDECKKYMKACNDTVEEYKDHLRMVENSFKLKIEQFKEFHETLGKCLNSINYT	197		33.508182926829264	0.29522		0.5343005626060796		76.43049390243903	2.7410385608673096			
A0A6G5YB52	MVTDEMVRRAATEYLSHRGERPYRVTRRGAELWEDHAPAMRAALEDALSAAEPVAWQPRYKQEVIDHLRTVSDNVSEYAMTVFPTKEQAEEYGHGGHDVRPLYAEPVKTAPSVAVKALKWVEGAPGTYTEIAESPFGHYSVWEINGTACWSPWKQGYGSIVEGGLAGARAAAQSDYEARILSALSAQVQDVAGLDERMKAAGMYTIAEMMGITPLTKWTSNPAINTIEHFSEWLDRKTAEYLRMKAAYELGDKSQDDELYEWVLAHSGVFSTIRDQFRVVIAAPAKQEGKP	291		70.66388183807439	0.33363		0.8437875464985743		76.43103282275712	5.506717205047607			
J7FAS5	MAKLISVTGVEGRIAYSAPVGGSIIPVGKSVDLPDSKWLQSRLSVGDIAIGKPAKAPRKPADQTELKD	68		71.6179476861167	0.76957		0.812099311114824		76.4318309859155	1.1440138816833496			
A0A6J5LAP2	MKMPKQPKYQEIEMAKIRKSPLHWTREFSPEKLNELCTHIESAGVICPITVRKKKGAKGFEYVTGDRRFQACRKLKMVKIPCLVKDLDDLDARQESISENFGREDLSAPNRDEALRELVEVKKQQILRDHGDMPDPERSKSSKSGPTPNVDTEAIKAVAKDQNVSTRTVMRAVALENLIVEAAQAYKNEQISKRQADLLARMSEEDQEVELQLMLTETQEQTEERLQVAKERTKKPLPPGDKGKHNVNPALRLYDRITVLSRELAEHAKTLKGELTEETVLALKDLDHGDLIRCHTALSNLLADIDTVARWKPQKK	316		83.61723015873017	0.7629		0.7981009796328268		76.43186507936508	6.276474714279175			
A0A141ZK04	MKQPTKQPTKQPTKQPTKQPTKQPTKQPTKQPIARLSILGAIKMNIFCV	49		44.60987012987014	0.21863		0.5745683230001958		76.43202597402598	0.9507532119750975			
A0A6J7WJC5	MRDASKLRRLYKTKGTLLSREDECFLLNHRDNDTALEILVESNTGLVRSIANKYAHIGYSVEDMVLAGMRGLLVAIERHDGSTKLSTYAYVWIRKYILEEVEQNHRTIRLPSHIHETQTKVNKAIGCGASSISELCEATGLPPERIVKAMEAFSVTTCPINNELDTLPTDYFKPSSMGILEALDVLTPDERDCVLYMIGVSDDKPPFGEDAFQKLYNIGIIKIKEQIIGKDT	232		86.63596385542169	0.51052		0.8374687086413706		76.43253012048193	3.22086501121521			
A0A6B7ER82	MKVYRNLKGYLFERDGKCYSEISKTYLKPWKGSDDYIYFKLAYYGKNVRLHVALMELYGPDKPSEEHIVNHKDGDKTNYDLDNLEWATQTSNLQHAWDTLLRQDGWGDVIIRDPSGNQVIYSNFNKFLKERNLSDSHRVKFLANGILGRGWLAKLLTDETPWDDVSAGNREAYMRPASSGFELYNVETKEVLEFPTESKIRRFLSADKNAIKRRLTEKSNYPLNGWSMRIKGDETVVFKSWSKEELWSNPMRGNIRPYWVTAPDKTRTLYRSLSDVWKELFPDLNGIAALQRSVVSKGSYRDHTFTPLDISPPTQ	315		82.27316377649326					76.43316763005781				
A0A7S5KPP9	MNNVNSILAYILMAAVTLGLMSVPHAIYYEHPQLVFARWNRDDLNDA	47		70.10117021276596	0.45347		0.7894008879909377		76.43327127659575	0.8594675064086914			
Q8LT42	MIAAIIVQGPLFWFIGSRQKKGEDMTSELKSIRMSIAKVHQRVDEELDKLDEKYATKTEVEVHMAHLKEVNELQFRAIMENLDYIRKRLDEHDSKRRPE	99		71.43603406326034	0.42		0.5785407597344479		76.43581508515814	0.8960220813751221			
A0A6M5CEB5	MFTWLTVRFIGIASLWLLWHLYGAKAYLKYTKEKESVENDRKN	43		79.44943243243243	0.64494		0.939305540226008		76.43599999999999	0.8804779052734375			
A0A6C0RS28	MFQPKEGFNPKVILPIGEKTTYMASAINKKDNIGILGFGTKEFVNAPTHQLPVQIHFVTPKDVDTVIEYLEEIREAMYKQEDKAGE	86		73.59455474452555	0.53543		0.6239845949158993		76.4362189781022	0.907236099243164			
A0A8S5QLJ4	MAGLHRAKQPRPTTPAAHRARKTERKRKGVFAI	33		42.48164122137404	0.39515		0.6260816443839594		76.43656488549618	0.948171615600586			
A0A2I7RE14	MLGKIGIALEVIKLIASIIGEVKQIVEDIKNPETDTTRKAATDQLLQATKYAKEELKARREIIKSPQDY	69		70.95546125461254	0.88576		0.8840368521533427		76.43675276752768	0.8921866416931152			
A0A8S5QCR2	MHYYTHNIGEFAAKTRFLSPEEIGIYVILKDEYFANGMRIACDRIANLMPPECEASLQRVLRRFFVVEDGCYVSHEFDRELESYKDRGSINAQNAKKRWEKKRLEQASDVKSCESHATCIESDAKRCLTNNQEPITNNQEIDIDTRAKPARRPTQKLVKPEGVSDDVWDEYQAFKRKVSKGCTQRMVDALVRESGQAGITPEAAMIYQLEHGWTGFEAEWYLNQQQRTASKTKSNAPLQFDDAYYGDGSF	250		83.75546264225632	0.50687		0.9049088853534826		76.43689262741218	3.823831558227539			
C7F4E3	MPEEKKGGKTPSGPSVLKRNWNVGGWWPAQVVKSITGMILDDPEGPLDFLWRIFSITSVTSILVFGLLIWKNPTLDGLFEHRDESIAIAIEKDKALGEEMMELMGDFFSFYKPAHLALIDWTKGTGVELVWSNIPGANFPTPVSGIIGLNMKPAVAEMVYGECWMGKLGKPVPGVPEPFWIACPITGPHGVQGFVLMSWNVPPCNTKTAATKLLAHRIGALVF	223		76.33713953488372	0.60538		0.8419452299187347		76.45523837209304	2.98242712020874	A		
A0A1V0SK33	MYFILELLLNRLIFGYYAHKYIKIDDLISRPTILQWLSFCVFIPVQEEIMFRYAFYHLLENYINDIMTINIINGVVFGLLHASNGLIVKLKPLDYLMIILANSHLGYCLAILHNNLFLCMVVHGVYNFIGISIMLYWNENNNIVEVRIDDVIIYTQPRRRAMSLGFVNNFEFFHRINKSSINPEIAESTNKYREMEKNRIKKYENMI	207		75.33308136180034	0.58279		0.6147055224566295		76.46017311021349	0.1960482597351074			
B5LWI8	MEDPDLESKAICTLRLENLLLEPIFTIFRIQHDQVATRTETPNSLLYHFKKSMASVEQWNSITVRDFCNSLVTRFPQLDNEFVTNFAELQQITCKILNRSSELCTFTPSAINRDAFLHCIISECSNVFIDHPVWFAVEESSPEYRECKNHALNMIRERSVLDKCVVMFLNSNPKGSDDDAMSVSSSSSSSSSLPSYRSKVIGGVGEIGDELIDDSDKSSIDSWESDSDSFSGSELISQTTTDTDWNSSDPGTDSDTSSDSRTLAIDLARPG	271		72.62364539007092	0.71763		0.7286469150693257		76.68781560283686	4.729440689086914	A		
B0YLI3	MDVEACIHRRQFCDILQMPQRDFHKIKKTFLREKPSLDPRNLLELVILIKFFKKTFKEISVNITSSTVKLLYDLNINLSCIKILHIRSFDNDIYNGWYEYLSIIFPSINYLSIAANCYLINTKRFFNLNHLHVYSSQITRESSSDLKINRLDITICFDSDYKKIIEFIKQIKVNEMGIFNGKILKRRKIKDLFLKLNKFTIEKIYIDDDFIFNFIMNNHNVVNIKSK	227		71.64581808677471	0.77598		0.6942281704114854		76.79617354939886	3.045776844024658	A		
A0A8S5TB86	MRRNKFFIVNFALFQFLFTAREKNNPCNYRNN	32		64.01862190812722	0.76023		0.8870577314492998		77.0096113074205	19.222869634628296			
A0A3G5ACT0	MNREKNKTHKDEVVKMISLTQAINMWNEKLKDYDCRCININSARRNKEKTFHICSKGSGEVDVYFDVGFTILKNRCYVDNNKFASAINKAKEIACSDIYKEGKKESYNLSYESARHGSTNEFFQKD	126		34.502921129503406	0.30341		0.3867217747964337		77.010282375852	1.1877820491790771			
A0A0F7L663	MNYSIGYKQHKKTLEQAVMAELKEERRREGGYWLHVGAVTVAGVYVFNLLIQLVVNLFV	59		41.33175000000001	0.49263		0.8142600309302505		77.01104166666667	0.9631524085998536			
A0A3G5AMF8	MGPTKTTEEKDECCICTEDKEMIELPCKHRVCSECWLKTTQARQIENQVCPLCRSPCSWKCASKK	65		81.5471875	0.25438		0.3061197767905333		77.01123046875	0.9634850025177002			
A0A7D7FEZ5	MTNRYIPNEEDKKKMAEEIARTASFLNKKPQRQGSNQKLEDYQKPDKK	48		65.82822499999999	0.46599		0.7139225501611821		77.012325	0.9404857158660888			
A0A8S5PY69	MELIQTIEDEHIRPTAINTLREPQHELQGG	30		56.26929752066116	0.22797		0.44534333288687		77.01260330578512	0.9490880966186525			
A0A8S5TLR8	MKGNQQPICLLKVKGSTTISKESRETEIRSNLRNKLMI	38		52.98896666666667	0.46975		0.7125392341621769		77.01313333333333	0.9495899677276612			
A0A8S5PFM6	MADPLKFRKVQSLITLRSRYKQQSSDLDQVIKRGASLCDAHPSEIRFNLKNHRKGDLRSVKLSKKRTL	68		44.32496389891696	0.54409		0.8426809810155419		77.01335740072203	0.9745280742645264			
A0A3Q8Q3N5	MKPTSCFIGEKMSEEENQEEELTQEELEEKQQVEEDIVLDESKIKEISEGIPAKVVSIKKGRLLDLIGEVRNTDRLSEKALDWIKAQGEEPYLLITCDVEGSQKKFLVHYTWSKNSTLYKMVKKYKRIAVGTEILVKFNPEAMRYQIVTD	150		43.99786535303777	0.21134		0.3765465523533438		77.01375205254516	1.644160270690918			
A0A6G5YCV1	MSKNLAAFMRGRNKDTSIKSQGVARTEGEITRLINDRSPEARLAYRASRDQLHDTDPSPTAKGAWYPKGHREAR	74		47.16464957264957	0.34938		0.5910430164324472		77.01427350427352	0.962233304977417			
A0A6M3YKW8	MTIKIKSLTLKKDVERTHFVDVGIVRSELNNIEGKIYAGISSGKVNGEAKVSIDTISEELQGELYTVLNKIEDELNGVKSEKGTHTIHIGELVLNASDTSGLLRAIKELPKIALIKSKINETEEGKL	127		44.2515282051282	0.23774		0.4157062971095108		77.01520000000001	1.1781604290008545			
G1JRP2	KDESHEGGVRHEIGSCPVGQGTRSDLDELVGRIRSGEIKYNDIEKEYAQLFVQYRNGLREICDKYHGKKRDFKSHVSVYYGKSGTGKSKLAFEQSDDIYELRCSKTGVWFDKYDYND	117		35.66274921301155	0.28788		0.4942659813577603		77.01556138509969	1.0750548839569092			
A0A1V0D7A5	ASSNWGYSLGLKPDRAADVSMLMEEELSALL	31		54.04206008583691	0.58388		0.864055946591775		77.01721030042918	0.9585542678833008			
A0A3G5AGA2	MDVLRNFTITNIFSISKNKKLKKKWQINYNID	32		41.301345454545455	0.40854		0.5376691126050163		77.01741818181819	0.938539743423462			
A5LHJ2	GVDDAAPSNDGAANLVPEANNEVMALEPVVGASIALLLSVSKI	43		61.007152542372886	0.28823		0.6842265373515374		77.01796610169492	0.9451630115509032			
A0A2I7RRB6	MGWNQDVARIIRFIPEFEKKEAAISAALIETRKLVSDLNKITEGHGVIDINGKKYLDKSEVEKIISDFASKQDVKNLKVSTSKLIDEKLKPVATKKEVNQLSGKLQSEIKSSTSSLAAKSELKKLESSVYNAIDDKLAPLATKNEVDKLSGSLQSAIKSSTSNLATKAELKKSKDLITGAIGEKLKKTATTHDLSELASATDEKISTSTESLATKSELKVAITGLSKSIAESSDGLTKKIDDVKSIEHLSMSDVNEALKPYELTKDVNGKIKSCRDTMGENYDLYTKSLSKKFDAVNSGVDEFKKSQSLAYDKLEKETSKSIIETGQKLEKSILKKVLDKISKLMG	346		34.077966804979255	0.18754		0.8253525837955855		77.01850245190494	7.563709735870361			
A0A649VN31	MIPELTGTEEEFRAAIASAPAKELYALGDRLAHFTRHPALSTRPDLKTKAGGRLAQVMTEADTRWRGVWMHRDNLTLSDTLAQIMRSCF	89		39.89325714285714	0.39607		0.5333608527406218		77.02058571428572	0.9748480319976808			
A0A858NM58	MKKKTSKKTKEILIGILVAVGSYVAGVVSVENPKAGKIIETVVDVIGSSNKDSTNVTWEQNY	62		73.29306209850107	0.41431		0.7370536957363611		77.02199143468951	0.9584648609161376			
A0A6J5L9D9	MYERNYATDPRIIGEEMAKREAYAHEQQLRPGPIMGAIAGSSVAREVPMAESMNRLMGVISAIDDAIMELDQRTHVMRQPSPSVSPKDPRPERSYSPLVGSLNEQIMRLERLHVCIRQITSELEI	125		44.4405487804878	0.36618		0.577679005899382		77.02216463414634	1.1739521026611328			
A0A516MMX3	MNTITKVVFKPKDGAPVNCKQVEYLVEHMNGKINYTYARARAKIRFERDNKLHDRYKCLCAEVEVI	66		72.73907749077492	0.77606		0.7404761223602926		77.02271217712176	0.8776602745056152			
A0A2H4HVD4	MGGKWSKRSM	10		65.31708860759493	0.25784		0.4609027777777778		77.02443037974687				
A0A2I7R908	MAGGGFESKRVKGAYPSPEEQAGATGDVTSVNGHKGDVTLTAGDVGAYTRGEAEAKRATGTIGASDDPATKPEGDYYVQEKFIGAPTIASDQYVGVMRIDLDFDGSDNGGLIEYVTGEAIFYKPKFAGGWAADWIKAPASQAAMTRTISTLSSEETTLEQKVTELEKKVTALEGGGSAPKPDAFNPEAVELTGGYADNWQDAVHVSTHKAGSPITITKVSDEPHNAVVMMPPEAAMHVAGITIDGGLPAKWESHAVTISNKQYTAFISPYQFTKHPLEIGIVWSK	285		75.64750000000001	0.36787		0.830271914719873		77.02595754716982	5.133053302764893			
A0A1B0WKL2	MKVIGRRVLVEQTMTKKQTKIILTGKSAPEETFDITFKVLQLGEECPEGIINVGDVPIFTKHVDFHGAKIIEEVKDVKTILHTIVFYDEIIGVE	94		80.33962416107383	0.83232		0.8414068144535355		77.0266577181208	0.8865804672241211			
Q94MN6	MKAYGAKRIARAFPAVASEGHPVPTRSGEEDWKARALAAEKEVAALNEALAEEHAKAEVAYARGLAVHAEEASAAEADNAALLAALRSARESLGEAQPNIGWGTPPRLACGRAYDAAGATIDQPHPGAALLEELEGLRRQVAESKVGHLVRAEILKRERDAALEEAAQTAGDVAAKYDSDGLRIDENTGARIIAVTTAKRALKVKTP	207		72.31187336814622	0.54086		0.8874455715989836		77.0276044386423	2.605025291442871			
A0A7H1D043	MQIAISKSNCVILFVNLVIITALLFLLIRTCIRYSSLKTRVIAVRNSASVEAAGWEEL	58		75.45396895787141	0.78809		0.9162080521313732		77.02922394678491	0.8604412078857422			
A0A8S5U2R5	MNAHDYIVKVLGRLSKKGPMTWHHAVRIGWAPGEYNIGKAGARRRILLRAIEKDWIAVCGDKLMITPHGRRELRDALRAI	80		85.20755070202809	0.57392		0.6456700650791746		77.03101404056162	0.8754229545593262			
Q5GAF0	MTNINFSALLRGERMCPLTREIHSQMLIVTKSYSLVETFRAFPRLPNILEIGNNIVSDGNLNWGRILILLGISQLYFTKSESESERTQITEQLERFFRQDAISNWIASNGGWVTCASLDLRNYSSVTNALQAMCFFGALFGTIAVIAYYLLP	152		70.97619834710744	0.8885		0.922057507698172		77.03691735537191	1.558488368988037			
A0A8S5TJU3	MFEFCMFVSFLFSKIHAKSDHIKMVALKYI	30		82.25420634920634	0.70065		0.9100057696932696		77.03781746031746	0.8565061092376709			
A0A8S5NMX3	MGVSMLCGMIVGAIIFCAGAFVGAVMVGVGANIEKGKITKNHAAEK	46		75.03746835443037	0.72238		0.8875565928832687		77.04025316455697	0.8545074462890625			
A0A386KJH9	MGNQANNAGGDQSHAGEQDQQNNQDQGAAGGNGGDSGNREYEQLPDDHPLVKRLEALKAENKVLKPKAKLVDDAEEAKKTDAQKIADLQAKVDAQPKAVAEALREHLVELHGIDKDDAELFLTGDTPELLLKQVGRLLEQGGAGGSKRKNYVKNEGNPQRKPAESENAAFARGLFGGSDD	180		77.24923076923078	0.34346		0.8786920604620924		77.04211538461539	2.006429672241211			
A0A7D5DR19	MKLLQSLCQLLALVSVFFGIIGKASGLSVTDTVTSFMFSIVFCVLAVMISNSNKPKY	57		70.78200466200467	0.64015		0.8232256306291109		77.04261072261072	0.8568925857543945			
A0A4Y5TWW4	MKKNIEMRLTDGATLNDIKADVMQTAINTALVACHGNQTKASELLGINRWTMRKWLNDASNRTYKLFDRVYLYVGNGTAKEMLTEAYIEAVSQVMQTNNNVTMVAEILKCQRGTVRKYMAKP	122		75.39890965732087	0.4714		0.7776739507007397		77.04361370716511	0.140899658203125			
A0A8F5MKM3	MPRSLWTERIDFMVIRKPFSTYEGPKTPSGSDEVPTYTAVTLPDGGRVLKQVGSYSQKDYVQSFLEGTLLENILQKCVITGDDSLLNTRPGFYLDITGMPQDFAEVQNMIVMAKSTYENSPRVVLERYPTFEQYADAMLADPDSGDFSSLMSLYGLTKDVQAARSDASQASDVFVNSAQEGGASE	185		71.08694134078212	0.39321		0.6613596106233606		77.04438547486033	2.083319664001465			
A0A6M9Z0D8	MRVLHCLDALEHGCKPYNHTITSARLEVTELLQKADKLDKILAIVNDESISNDSERMFQLCEFLESKK	68		74.08638532110092	0.71212		0.8465911280401135		77.0462752293578	0.8822846412658691			
B5U4T8	MVSAVLMPKTPETPAEHIEFAREEARQAAHTSQRPLTL	38		72.6937162162162	0.63943		0.8671160545590235		77.0481081081081	0.8670437335968018			
A0A8S5PEG7	MHKISLIFELFDQNGILGWELHTLARYLK	29		48.31024390243903					77.875243902439				
G3DPI2	PTSQPRGPDRPEESEKKVERETETDPVH	28		49.18300884955752					78.2837610619469				
A0A6M3SG53	DSTVLLCLCFVCLC	14		70.11843137254903					78.46578431372549				
H9CIB7	IARTHMARIKHPEFYKDC	18		52.031233766233775					79.1438961038961				
G8Z2R8	SQMDDLVTG	9		62.53138461538461	0.19555		0.5408399470899471		79.25276923076922				
Q1H7S4	ETQTTGGSVAKYTWRFTGLFSQGPKQN	27		48.16369668246446					79.98056872037915				
A0A6M3H438	MRVRGIERNYQHLWVKMLLGMLLMIS	26		71.36113636363636					80.62881818181816				
A0A0N9DRT5	NKRRSRSSRS	10		58.52564705882352	0.28126		0.494672619047619		80.89894117647057				
A0A6M3H343	MRVMGTQRNCQNWWGWRTMVLWMIIMC	27		51.2948085106383					82.43591489361701				
A0ZT79	DILKRMSK	8		64.03522388059702	0.31326		0.4464285714285714		82.74492537313434				
A0A8S5NZD0	MGSKYTCNITRALFYPMYVVQTILYHHIN	29		77.28835390946502					84.18526748971193				
A0A8S5MLZ1	MLMLLKDLGQRYLDSVPALDKLLNKKKRN	29		81.3497046413502					84.34624472573839				
A0A8S5UBL8	MLFDNRYYHLANLITSIMTFQTKVKRVSQHSFNRI	35		72.65803333333334	0.80037		0.979847744796606		84.83086666666667	0.8714110851287842			
A0A8S5LCS5	MIPYYHIFFDFSIPTFLLIFYNFFTCIKS	29		78.38562015503875					85.05573643410851				
Q8JV78	FKKPKTLPPK	10		54.82397590361448					85.11891566265061				
A0A8S5Q870	MLPARNKYEKEILIAAAGGILSLFYISLS	29		74.66506726457398					85.21412556053812				
A0A481VV34	MNWEILVSYASGIYSVFLYQWLSGKF	26		75.04254545454546					85.59159090909091				
A0A8S5MEA9	MMPYPISFLFIFLNTFIIYQNEIKVNTLK	29		76.60534136546185					85.83477911646587				
A0A4Y5P1V2	MKLVVILLTSLAFLLIFGGGVI	22		75.86654320987655					86.16876543209877				
A0A455XBN8	MFGLVWSSRLWFGRVWCGVVWYGRMAVAL	29		49.67929752066115					86.18735537190081				
A0A8S5L834	MIYFYTQTRKWVSISLDLYHIKQKWVSIS	29		46.80949416342413					86.35992217898831				
A0A127AWT2	MRKQIMKDAVWLVIGILVIIVGMIFKDR	28		81.7893859649123					86.39864035087719				
Q9QRV0	GASVSGGTEARAAEGLVGLFTLAAQK	26		49.53686046511628					86.81819767441861				
A0A1I9S6E3	MTIAEMKEVIDYLNKEGENENENN	24		77.77471794871795					87.03615384615387				
A0A8S5N740	MLEQYAYFVKSRYAIYILIISNWYICVNM	29		78.0505928853755					87.27565217391306				
A0A7M1ID18	MLLKLLRKQLLLILIVNCFIKLVIKLNLI	29		86.24836820083682					87.37246861924687				
A0A142FJP3	MSSSLQELCRKKLLDCILP	19		57.23081081081081					87.48925675675676				
A0A514D784	DNMTFLYGAAVASAVWFAVLILVLTTGRK	29		83.45831818181816					88.22918181818181				
A0A8S5UCU1	MLSQFNTRLNFISLFEYYLIFFYKEVMYL	29		74.91833333333334					89.00848484848484				
A0A8S5RJ41	MSSYYIFRNILLFFFSLLSNILASRQKIT	29		78.89963414634146					89.02016260162601				
A0A7G7FE18	LLGFCCYSLLVALF	14		71.34731481481481	0.72548		0.9607434232434232		89.14583333333337				
B5WZX4	MPDLGEFAALFVVLFLTMYW	20		57.05885542168674					89.49180722891566				
D3JQR4	GHKARVLAEAMCQATG	16		56.833928571428565					90.47607142857144				
B3GVX1	MKDFQEMALTISALEKVKENERS	23		50.8536559139785					90.56112903225808				
P21596	KAEEEVEKNKEEAEEEAEKKIAE	23		84.21262032085562					91.82967914438504				
A0A1C9LYM5	MTGEVIVFLIIIALAVFSGVLLFLKA	26		87.13005128205128					91.95841025641025				
A0A4Y5P1W1	MAIFVVGLVLILAAVAFAAFDAIVETFGA	29		87.51323671497583					94.12516908212558				
A0A3B8E6C0	MLKEVLLEIEFLRDENRRLTNELLEVLNE	29		48.78883534136547					96.85787148594376				
